image,label_index,name_en,name_zh,faction,level,is_upgraded
0/0_0.png,0,,,,0,False
0/0_1.png,0,,,,0,False
0/0_10.png,0,,,,0,False
0/0_11.png,0,,,,0,False
0/0_12.png,0,,,,0,False
0/0_13.png,0,,,,0,False
0/0_14.png,0,,,,0,False
0/0_15.png,0,,,,0,False
0/0_16.png,0,,,,0,False
0/0_17.png,0,,,,0,False
0/0_18.png,0,,,,0,False
0/0_19.png,0,,,,0,False
0/0_2.png,0,,,,0,False
0/0_20.png,0,,,,0,False
0/0_21.png,0,,,,0,False
0/0_22.png,0,,,,0,False
0/0_23.png,0,,,,0,False
0/0_24.png,0,,,,0,False
0/0_25.png,0,,,,0,False
0/0_26.png,0,,,,0,False
0/0_27.png,0,,,,0,False
0/0_28.png,0,,,,0,False
0/0_29.png,0,,,,0,False
0/0_3.png,0,,,,0,False
0/0_30.png,0,,,,0,False
0/0_31.png,0,,,,0,False
0/0_32.png,0,,,,0,False
0/0_33.png,0,,,,0,False
0/0_34.png,0,,,,0,False
0/0_35.png,0,,,,0,False
0/0_36.png,0,,,,0,False
0/0_37.png,0,,,,0,False
0/0_38.png,0,,,,0,False
0/0_39.png,0,,,,0,False
0/0_4.png,0,,,,0,False
0/0_40.png,0,,,,0,False
0/0_41.png,0,,,,0,False
0/0_42.png,0,,,,0,False
0/0_43.png,0,,,,0,False
0/0_44.png,0,,,,0,False
0/0_45.png,0,,,,0,False
0/0_46.png,0,,,,0,False
0/0_47.png,0,,,,0,False
0/0_48.png,0,,,,0,False
0/0_49.png,0,,,,0,False
0/0_5.png,0,,,,0,False
0/0_50.png,0,,,,0,False
0/0_51.png,0,,,,0,False
0/0_52.png,0,,,,0,False
0/0_53.png,0,,,,0,False
0/0_54.png,0,,,,0,False
0/0_55.png,0,,,,0,False
0/0_56.png,0,,,,0,False
0/0_57.png,0,,,,0,False
0/0_58.png,0,,,,0,False
0/0_59.png,0,,,,0,False
0/0_6.png,0,,,,0,False
0/0_60.png,0,,,,0,False
0/0_61.png,0,,,,0,False
0/0_62.png,0,,,,0,False
0/0_63.png,0,,,,0,False
0/0_64.png,0,,,,0,False
0/0_65.png,0,,,,0,False
0/0_66.png,0,,,,0,False
0/0_67.png,0,,,,0,False
0/0_68.png,0,,,,0,False
0/0_69.png,0,,,,0,False
0/0_7.png,0,,,,0,False
0/0_70.png,0,,,,0,False
0/0_71.png,0,,,,0,False
0/0_72.png,0,,,,0,False
0/0_73.png,0,,,,0,False
0/0_74.png,0,,,,0,False
0/0_75.png,0,,,,0,False
0/0_76.png,0,,,,0,False
0/0_77.png,0,,,,0,False
0/0_78.png,0,,,,0,False
0/0_8.png,0,,,,0,False
0/0_9.png,0,,,,0,False
1/1_0.png,1,,,,0,False
1/1_1.png,1,,,,0,False
1/1_10.png,1,,,,0,False
1/1_11.png,1,,,,0,False
1/1_12.png,1,,,,0,False
1/1_13.png,1,,,,0,False
1/1_14.png,1,,,,0,False
1/1_15.png,1,,,,0,False
1/1_16.png,1,,,,0,False
1/1_17.png,1,,,,0,False
1/1_18.png,1,,,,0,False
1/1_19.png,1,,,,0,False
1/1_2.png,1,,,,0,False
1/1_20.png,1,,,,0,False
1/1_21.png,1,,,,0,False
1/1_22.png,1,,,,0,False
1/1_23.png,1,,,,0,False
1/1_24.png,1,,,,0,False
1/1_25.png,1,,,,0,False
1/1_26.png,1,,,,0,False
1/1_27.png,1,,,,0,False
1/1_28.png,1,,,,0,False
1/1_29.png,1,,,,0,False
1/1_3.png,1,,,,0,False
1/1_30.png,1,,,,0,False
1/1_31.png,1,,,,0,False
1/1_32.png,1,,,,0,False
1/1_33.png,1,,,,0,False
1/1_34.png,1,,,,0,False
1/1_35.png,1,,,,0,False
1/1_36.png,1,,,,0,False
1/1_37.png,1,,,,0,False
1/1_38.png,1,,,,0,False
1/1_39.png,1,,,,0,False
1/1_4.png,1,,,,0,False
1/1_40.png,1,,,,0,False
1/1_41.png,1,,,,0,False
1/1_42.png,1,,,,0,False
1/1_43.png,1,,,,0,False
1/1_44.png,1,,,,0,False
1/1_45.png,1,,,,0,False
1/1_46.png,1,,,,0,False
1/1_47.png,1,,,,0,False
1/1_48.png,1,,,,0,False
1/1_49.png,1,,,,0,False
1/1_5.png,1,,,,0,False
1/1_50.png,1,,,,0,False
1/1_51.png,1,,,,0,False
1/1_52.png,1,,,,0,False
1/1_53.png,1,,,,0,False
1/1_54.png,1,,,,0,False
1/1_55.png,1,,,,0,False
1/1_56.png,1,,,,0,False
1/1_57.png,1,,,,0,False
1/1_58.png,1,,,,0,False
1/1_59.png,1,,,,0,False
1/1_6.png,1,,,,0,False
1/1_60.png,1,,,,0,False
1/1_61.png,1,,,,0,False
1/1_62.png,1,,,,0,False
1/1_63.png,1,,,,0,False
1/1_7.png,1,,,,0,False
1/1_8.png,1,,,,0,False
1/1_9.png,1,,,,0,False
2/2_0.png,2,,,,0,False
2/2_1.png,2,,,,0,False
2/2_10.png,2,,,,0,False
2/2_11.png,2,,,,0,False
2/2_12.png,2,,,,0,False
2/2_13.png,2,,,,0,False
2/2_14.png,2,,,,0,False
2/2_15.png,2,,,,0,False
2/2_16.png,2,,,,0,False
2/2_17.png,2,,,,0,False
2/2_18.png,2,,,,0,False
2/2_19.png,2,,,,0,False
2/2_2.png,2,,,,0,False
2/2_20.png,2,,,,0,False
2/2_21.png,2,,,,0,False
2/2_22.png,2,,,,0,False
2/2_23.png,2,,,,0,False
2/2_24.png,2,,,,0,False
2/2_25.png,2,,,,0,False
2/2_26.png,2,,,,0,False
2/2_27.png,2,,,,0,False
2/2_28.png,2,,,,0,False
2/2_29.png,2,,,,0,False
2/2_3.png,2,,,,0,False
2/2_30.png,2,,,,0,False
2/2_31.png,2,,,,0,False
2/2_32.png,2,,,,0,False
2/2_33.png,2,,,,0,False
2/2_34.png,2,,,,0,False
2/2_35.png,2,,,,0,False
2/2_36.png,2,,,,0,False
2/2_37.png,2,,,,0,False
2/2_38.png,2,,,,0,False
2/2_39.png,2,,,,0,False
2/2_4.png,2,,,,0,False
2/2_40.png,2,,,,0,False
2/2_41.png,2,,,,0,False
2/2_42.png,2,,,,0,False
2/2_43.png,2,,,,0,False
2/2_44.png,2,,,,0,False
2/2_45.png,2,,,,0,False
2/2_46.png,2,,,,0,False
2/2_47.png,2,,,,0,False
2/2_48.png,2,,,,0,False
2/2_49.png,2,,,,0,False
2/2_5.png,2,,,,0,False
2/2_50.png,2,,,,0,False
2/2_51.png,2,,,,0,False
2/2_52.png,2,,,,0,False
2/2_53.png,2,,,,0,False
2/2_54.png,2,,,,0,False
2/2_55.png,2,,,,0,False
2/2_56.png,2,,,,0,False
2/2_57.png,2,,,,0,False
2/2_58.png,2,,,,0,False
2/2_59.png,2,,,,0,False
2/2_6.png,2,,,,0,False
2/2_60.png,2,,,,0,False
2/2_61.png,2,,,,0,False
2/2_62.png,2,,,,0,False
2/2_63.png,2,,,,0,False
2/2_64.png,2,,,,0,False
2/2_7.png,2,,,,0,False
2/2_8.png,2,,,,0,False
2/2_9.png,2,,,,0,False
3/3_0.png,3,,,,0,False
3/3_1.png,3,,,,0,False
3/3_10.png,3,,,,0,False
3/3_11.png,3,,,,0,False
3/3_12.png,3,,,,0,False
3/3_13.png,3,,,,0,False
3/3_14.png,3,,,,0,False
3/3_15.png,3,,,,0,False
3/3_16.png,3,,,,0,False
3/3_17.png,3,,,,0,False
3/3_18.png,3,,,,0,False
3/3_19.png,3,,,,0,False
3/3_2.png,3,,,,0,False
3/3_20.png,3,,,,0,False
3/3_21.png,3,,,,0,False
3/3_22.png,3,,,,0,False
3/3_23.png,3,,,,0,False
3/3_24.png,3,,,,0,False
3/3_25.png,3,,,,0,False
3/3_26.png,3,,,,0,False
3/3_27.png,3,,,,0,False
3/3_28.png,3,,,,0,False
3/3_29.png,3,,,,0,False
3/3_3.png,3,,,,0,False
3/3_30.png,3,,,,0,False
3/3_31.png,3,,,,0,False
3/3_32.png,3,,,,0,False
3/3_33.png,3,,,,0,False
3/3_34.png,3,,,,0,False
3/3_35.png,3,,,,0,False
3/3_36.png,3,,,,0,False
3/3_37.png,3,,,,0,False
3/3_38.png,3,,,,0,False
3/3_39.png,3,,,,0,False
3/3_4.png,3,,,,0,False
3/3_40.png,3,,,,0,False
3/3_41.png,3,,,,0,False
3/3_42.png,3,,,,0,False
3/3_43.png,3,,,,0,False
3/3_44.png,3,,,,0,False
3/3_45.png,3,,,,0,False
3/3_46.png,3,,,,0,False
3/3_47.png,3,,,,0,False
3/3_48.png,3,,,,0,False
3/3_49.png,3,,,,0,False
3/3_5.png,3,,,,0,False
3/3_50.png,3,,,,0,False
3/3_51.png,3,,,,0,False
3/3_52.png,3,,,,0,False
3/3_53.png,3,,,,0,False
3/3_54.png,3,,,,0,False
3/3_55.png,3,,,,0,False
3/3_56.png,3,,,,0,False
3/3_57.png,3,,,,0,False
3/3_58.png,3,,,,0,False
3/3_59.png,3,,,,0,False
3/3_6.png,3,,,,0,False
3/3_60.png,3,,,,0,False
3/3_61.png,3,,,,0,False
3/3_62.png,3,,,,0,False
3/3_7.png,3,,,,0,False
3/3_8.png,3,,,,0,False
3/3_9.png,3,,,,0,False
4/4_0.png,4,,,,0,False
4/4_1.png,4,,,,0,False
4/4_10.png,4,,,,0,False
4/4_11.png,4,,,,0,False
4/4_12.png,4,,,,0,False
4/4_13.png,4,,,,0,False
4/4_14.png,4,,,,0,False
4/4_15.png,4,,,,0,False
4/4_16.png,4,,,,0,False
4/4_17.png,4,,,,0,False
4/4_18.png,4,,,,0,False
4/4_19.png,4,,,,0,False
4/4_2.png,4,,,,0,False
4/4_20.png,4,,,,0,False
4/4_21.png,4,,,,0,False
4/4_22.png,4,,,,0,False
4/4_23.png,4,,,,0,False
4/4_24.png,4,,,,0,False
4/4_25.png,4,,,,0,False
4/4_26.png,4,,,,0,False
4/4_27.png,4,,,,0,False
4/4_28.png,4,,,,0,False
4/4_29.png,4,,,,0,False
4/4_3.png,4,,,,0,False
4/4_30.png,4,,,,0,False
4/4_31.png,4,,,,0,False
4/4_32.png,4,,,,0,False
4/4_33.png,4,,,,0,False
4/4_34.png,4,,,,0,False
4/4_35.png,4,,,,0,False
4/4_36.png,4,,,,0,False
4/4_37.png,4,,,,0,False
4/4_38.png,4,,,,0,False
4/4_39.png,4,,,,0,False
4/4_4.png,4,,,,0,False
4/4_40.png,4,,,,0,False
4/4_41.png,4,,,,0,False
4/4_42.png,4,,,,0,False
4/4_43.png,4,,,,0,False
4/4_44.png,4,,,,0,False
4/4_45.png,4,,,,0,False
4/4_46.png,4,,,,0,False
4/4_47.png,4,,,,0,False
4/4_48.png,4,,,,0,False
4/4_49.png,4,,,,0,False
4/4_5.png,4,,,,0,False
4/4_50.png,4,,,,0,False
4/4_51.png,4,,,,0,False
4/4_52.png,4,,,,0,False
4/4_53.png,4,,,,0,False
4/4_54.png,4,,,,0,False
4/4_55.png,4,,,,0,False
4/4_56.png,4,,,,0,False
4/4_57.png,4,,,,0,False
4/4_58.png,4,,,,0,False
4/4_59.png,4,,,,0,False
4/4_6.png,4,,,,0,False
4/4_60.png,4,,,,0,False
4/4_61.png,4,,,,0,False
4/4_62.png,4,,,,0,False
4/4_7.png,4,,,,0,False
4/4_8.png,4,,,,0,False
4/4_9.png,4,,,,0,False
5/5_0.png,5,,,,0,False
5/5_1.png,5,,,,0,False
5/5_10.png,5,,,,0,False
5/5_11.png,5,,,,0,False
5/5_12.png,5,,,,0,False
5/5_13.png,5,,,,0,False
5/5_14.png,5,,,,0,False
5/5_15.png,5,,,,0,False
5/5_16.png,5,,,,0,False
5/5_17.png,5,,,,0,False
5/5_18.png,5,,,,0,False
5/5_19.png,5,,,,0,False
5/5_2.png,5,,,,0,False
5/5_20.png,5,,,,0,False
5/5_21.png,5,,,,0,False
5/5_22.png,5,,,,0,False
5/5_23.png,5,,,,0,False
5/5_24.png,5,,,,0,False
5/5_25.png,5,,,,0,False
5/5_26.png,5,,,,0,False
5/5_27.png,5,,,,0,False
5/5_28.png,5,,,,0,False
5/5_29.png,5,,,,0,False
5/5_3.png,5,,,,0,False
5/5_30.png,5,,,,0,False
5/5_31.png,5,,,,0,False
5/5_32.png,5,,,,0,False
5/5_33.png,5,,,,0,False
5/5_34.png,5,,,,0,False
5/5_35.png,5,,,,0,False
5/5_36.png,5,,,,0,False
5/5_37.png,5,,,,0,False
5/5_38.png,5,,,,0,False
5/5_39.png,5,,,,0,False
5/5_4.png,5,,,,0,False
5/5_40.png,5,,,,0,False
5/5_41.png,5,,,,0,False
5/5_42.png,5,,,,0,False
5/5_43.png,5,,,,0,False
5/5_44.png,5,,,,0,False
5/5_45.png,5,,,,0,False
5/5_46.png,5,,,,0,False
5/5_47.png,5,,,,0,False
5/5_48.png,5,,,,0,False
5/5_49.png,5,,,,0,False
5/5_5.png,5,,,,0,False
5/5_50.png,5,,,,0,False
5/5_51.png,5,,,,0,False
5/5_52.png,5,,,,0,False
5/5_53.png,5,,,,0,False
5/5_54.png,5,,,,0,False
5/5_55.png,5,,,,0,False
5/5_56.png,5,,,,0,False
5/5_57.png,5,,,,0,False
5/5_58.png,5,,,,0,False
5/5_59.png,5,,,,0,False
5/5_6.png,5,,,,0,False
5/5_60.png,5,,,,0,False
5/5_61.png,5,,,,0,False
5/5_62.png,5,,,,0,False
5/5_7.png,5,,,,0,False
5/5_8.png,5,,,,0,False
5/5_9.png,5,,,,0,False
6/6_0.png,6,,,,0,False
6/6_1.png,6,,,,0,False
6/6_10.png,6,,,,0,False
6/6_11.png,6,,,,0,False
6/6_12.png,6,,,,0,False
6/6_13.png,6,,,,0,False
6/6_14.png,6,,,,0,False
6/6_15.png,6,,,,0,False
6/6_16.png,6,,,,0,False
6/6_17.png,6,,,,0,False
6/6_18.png,6,,,,0,False
6/6_19.png,6,,,,0,False
6/6_2.png,6,,,,0,False
6/6_20.png,6,,,,0,False
6/6_21.png,6,,,,0,False
6/6_22.png,6,,,,0,False
6/6_23.png,6,,,,0,False
6/6_24.png,6,,,,0,False
6/6_25.png,6,,,,0,False
6/6_26.png,6,,,,0,False
6/6_27.png,6,,,,0,False
6/6_28.png,6,,,,0,False
6/6_29.png,6,,,,0,False
6/6_3.png,6,,,,0,False
6/6_30.png,6,,,,0,False
6/6_31.png,6,,,,0,False
6/6_32.png,6,,,,0,False
6/6_33.png,6,,,,0,False
6/6_34.png,6,,,,0,False
6/6_35.png,6,,,,0,False
6/6_36.png,6,,,,0,False
6/6_37.png,6,,,,0,False
6/6_38.png,6,,,,0,False
6/6_39.png,6,,,,0,False
6/6_4.png,6,,,,0,False
6/6_40.png,6,,,,0,False
6/6_41.png,6,,,,0,False
6/6_42.png,6,,,,0,False
6/6_43.png,6,,,,0,False
6/6_44.png,6,,,,0,False
6/6_45.png,6,,,,0,False
6/6_46.png,6,,,,0,False
6/6_47.png,6,,,,0,False
6/6_48.png,6,,,,0,False
6/6_49.png,6,,,,0,False
6/6_5.png,6,,,,0,False
6/6_50.png,6,,,,0,False
6/6_51.png,6,,,,0,False
6/6_52.png,6,,,,0,False
6/6_53.png,6,,,,0,False
6/6_54.png,6,,,,0,False
6/6_55.png,6,,,,0,False
6/6_56.png,6,,,,0,False
6/6_57.png,6,,,,0,False
6/6_58.png,6,,,,0,False
6/6_59.png,6,,,,0,False
6/6_6.png,6,,,,0,False
6/6_60.png,6,,,,0,False
6/6_61.png,6,,,,0,False
6/6_7.png,6,,,,0,False
6/6_8.png,6,,,,0,False
6/6_9.png,6,,,,0,False
7/7_0.png,7,,,,0,False
7/7_1.png,7,,,,0,False
7/7_10.png,7,,,,0,False
7/7_100.png,7,,,,0,False
7/7_101.png,7,,,,0,False
7/7_102.png,7,,,,0,False
7/7_103.png,7,,,,0,False
7/7_104.png,7,,,,0,False
7/7_105.png,7,,,,0,False
7/7_106.png,7,,,,0,False
7/7_107.png,7,,,,0,False
7/7_108.png,7,,,,0,False
7/7_109.png,7,,,,0,False
7/7_11.png,7,,,,0,False
7/7_110.png,7,,,,0,False
7/7_111.png,7,,,,0,False
7/7_112.png,7,,,,0,False
7/7_113.png,7,,,,0,False
7/7_114.png,7,,,,0,False
7/7_115.png,7,,,,0,False
7/7_116.png,7,,,,0,False
7/7_117.png,7,,,,0,False
7/7_118.png,7,,,,0,False
7/7_119.png,7,,,,0,False
7/7_12.png,7,,,,0,False
7/7_120.png,7,,,,0,False
7/7_121.png,7,,,,0,False
7/7_122.png,7,,,,0,False
7/7_123.png,7,,,,0,False
7/7_124.png,7,,,,0,False
7/7_125.png,7,,,,0,False
7/7_126.png,7,,,,0,False
7/7_127.png,7,,,,0,False
7/7_13.png,7,,,,0,False
7/7_14.png,7,,,,0,False
7/7_15.png,7,,,,0,False
7/7_16.png,7,,,,0,False
7/7_17.png,7,,,,0,False
7/7_18.png,7,,,,0,False
7/7_19.png,7,,,,0,False
7/7_2.png,7,,,,0,False
7/7_20.png,7,,,,0,False
7/7_21.png,7,,,,0,False
7/7_22.png,7,,,,0,False
7/7_23.png,7,,,,0,False
7/7_24.png,7,,,,0,False
7/7_25.png,7,,,,0,False
7/7_26.png,7,,,,0,False
7/7_27.png,7,,,,0,False
7/7_28.png,7,,,,0,False
7/7_29.png,7,,,,0,False
7/7_3.png,7,,,,0,False
7/7_30.png,7,,,,0,False
7/7_31.png,7,,,,0,False
7/7_32.png,7,,,,0,False
7/7_33.png,7,,,,0,False
7/7_34.png,7,,,,0,False
7/7_35.png,7,,,,0,False
7/7_36.png,7,,,,0,False
7/7_37.png,7,,,,0,False
7/7_38.png,7,,,,0,False
7/7_39.png,7,,,,0,False
7/7_4.png,7,,,,0,False
7/7_40.png,7,,,,0,False
7/7_41.png,7,,,,0,False
7/7_42.png,7,,,,0,False
7/7_43.png,7,,,,0,False
7/7_44.png,7,,,,0,False
7/7_45.png,7,,,,0,False
7/7_46.png,7,,,,0,False
7/7_47.png,7,,,,0,False
7/7_48.png,7,,,,0,False
7/7_49.png,7,,,,0,False
7/7_5.png,7,,,,0,False
7/7_50.png,7,,,,0,False
7/7_51.png,7,,,,0,False
7/7_52.png,7,,,,0,False
7/7_53.png,7,,,,0,False
7/7_54.png,7,,,,0,False
7/7_55.png,7,,,,0,False
7/7_56.png,7,,,,0,False
7/7_57.png,7,,,,0,False
7/7_58.png,7,,,,0,False
7/7_59.png,7,,,,0,False
7/7_6.png,7,,,,0,False
7/7_60.png,7,,,,0,False
7/7_61.png,7,,,,0,False
7/7_62.png,7,,,,0,False
7/7_63.png,7,,,,0,False
7/7_64.png,7,,,,0,False
7/7_65.png,7,,,,0,False
7/7_66.png,7,,,,0,False
7/7_67.png,7,,,,0,False
7/7_68.png,7,,,,0,False
7/7_69.png,7,,,,0,False
7/7_7.png,7,,,,0,False
7/7_70.png,7,,,,0,False
7/7_71.png,7,,,,0,False
7/7_72.png,7,,,,0,False
7/7_73.png,7,,,,0,False
7/7_74.png,7,,,,0,False
7/7_75.png,7,,,,0,False
7/7_76.png,7,,,,0,False
7/7_77.png,7,,,,0,False
7/7_78.png,7,,,,0,False
7/7_79.png,7,,,,0,False
7/7_8.png,7,,,,0,False
7/7_80.png,7,,,,0,False
7/7_81.png,7,,,,0,False
7/7_82.png,7,,,,0,False
7/7_83.png,7,,,,0,False
7/7_84.png,7,,,,0,False
7/7_85.png,7,,,,0,False
7/7_86.png,7,,,,0,False
7/7_87.png,7,,,,0,False
7/7_88.png,7,,,,0,False
7/7_89.png,7,,,,0,False
7/7_9.png,7,,,,0,False
7/7_90.png,7,,,,0,False
7/7_91.png,7,,,,0,False
7/7_92.png,7,,,,0,False
7/7_93.png,7,,,,0,False
7/7_94.png,7,,,,0,False
7/7_95.png,7,,,,0,False
7/7_96.png,7,,,,0,False
7/7_97.png,7,,,,0,False
7/7_98.png,7,,,,0,False
7/7_99.png,7,,,,0,False
8/8_0.png,8,,,,0,False
8/8_1.png,8,,,,0,False
8/8_10.png,8,,,,0,False
8/8_100.png,8,,,,0,False
8/8_101.png,8,,,,0,False
8/8_102.png,8,,,,0,False
8/8_103.png,8,,,,0,False
8/8_104.png,8,,,,0,False
8/8_105.png,8,,,,0,False
8/8_106.png,8,,,,0,False
8/8_107.png,8,,,,0,False
8/8_108.png,8,,,,0,False
8/8_109.png,8,,,,0,False
8/8_11.png,8,,,,0,False
8/8_110.png,8,,,,0,False
8/8_111.png,8,,,,0,False
8/8_112.png,8,,,,0,False
8/8_113.png,8,,,,0,False
8/8_114.png,8,,,,0,False
8/8_115.png,8,,,,0,False
8/8_116.png,8,,,,0,False
8/8_117.png,8,,,,0,False
8/8_118.png,8,,,,0,False
8/8_119.png,8,,,,0,False
8/8_12.png,8,,,,0,False
8/8_120.png,8,,,,0,False
8/8_121.png,8,,,,0,False
8/8_122.png,8,,,,0,False
8/8_123.png,8,,,,0,False
8/8_13.png,8,,,,0,False
8/8_14.png,8,,,,0,False
8/8_15.png,8,,,,0,False
8/8_16.png,8,,,,0,False
8/8_17.png,8,,,,0,False
8/8_18.png,8,,,,0,False
8/8_19.png,8,,,,0,False
8/8_2.png,8,,,,0,False
8/8_20.png,8,,,,0,False
8/8_21.png,8,,,,0,False
8/8_22.png,8,,,,0,False
8/8_23.png,8,,,,0,False
8/8_24.png,8,,,,0,False
8/8_25.png,8,,,,0,False
8/8_26.png,8,,,,0,False
8/8_27.png,8,,,,0,False
8/8_28.png,8,,,,0,False
8/8_29.png,8,,,,0,False
8/8_3.png,8,,,,0,False
8/8_30.png,8,,,,0,False
8/8_31.png,8,,,,0,False
8/8_32.png,8,,,,0,False
8/8_33.png,8,,,,0,False
8/8_34.png,8,,,,0,False
8/8_35.png,8,,,,0,False
8/8_36.png,8,,,,0,False
8/8_37.png,8,,,,0,False
8/8_38.png,8,,,,0,False
8/8_39.png,8,,,,0,False
8/8_4.png,8,,,,0,False
8/8_40.png,8,,,,0,False
8/8_41.png,8,,,,0,False
8/8_42.png,8,,,,0,False
8/8_43.png,8,,,,0,False
8/8_44.png,8,,,,0,False
8/8_45.png,8,,,,0,False
8/8_46.png,8,,,,0,False
8/8_47.png,8,,,,0,False
8/8_48.png,8,,,,0,False
8/8_49.png,8,,,,0,False
8/8_5.png,8,,,,0,False
8/8_50.png,8,,,,0,False
8/8_51.png,8,,,,0,False
8/8_52.png,8,,,,0,False
8/8_53.png,8,,,,0,False
8/8_54.png,8,,,,0,False
8/8_55.png,8,,,,0,False
8/8_56.png,8,,,,0,False
8/8_57.png,8,,,,0,False
8/8_58.png,8,,,,0,False
8/8_59.png,8,,,,0,False
8/8_6.png,8,,,,0,False
8/8_60.png,8,,,,0,False
8/8_61.png,8,,,,0,False
8/8_62.png,8,,,,0,False
8/8_63.png,8,,,,0,False
8/8_64.png,8,,,,0,False
8/8_65.png,8,,,,0,False
8/8_66.png,8,,,,0,False
8/8_67.png,8,,,,0,False
8/8_68.png,8,,,,0,False
8/8_69.png,8,,,,0,False
8/8_7.png,8,,,,0,False
8/8_70.png,8,,,,0,False
8/8_71.png,8,,,,0,False
8/8_72.png,8,,,,0,False
8/8_73.png,8,,,,0,False
8/8_74.png,8,,,,0,False
8/8_75.png,8,,,,0,False
8/8_76.png,8,,,,0,False
8/8_77.png,8,,,,0,False
8/8_78.png,8,,,,0,False
8/8_79.png,8,,,,0,False
8/8_8.png,8,,,,0,False
8/8_80.png,8,,,,0,False
8/8_81.png,8,,,,0,False
8/8_82.png,8,,,,0,False
8/8_83.png,8,,,,0,False
8/8_84.png,8,,,,0,False
8/8_85.png,8,,,,0,False
8/8_86.png,8,,,,0,False
8/8_87.png,8,,,,0,False
8/8_88.png,8,,,,0,False
8/8_89.png,8,,,,0,False
8/8_9.png,8,,,,0,False
8/8_90.png,8,,,,0,False
8/8_91.png,8,,,,0,False
8/8_92.png,8,,,,0,False
8/8_93.png,8,,,,0,False
8/8_94.png,8,,,,0,False
8/8_95.png,8,,,,0,False
8/8_96.png,8,,,,0,False
8/8_97.png,8,,,,0,False
8/8_98.png,8,,,,0,False
8/8_99.png,8,,,,0,False
9/9_0.png,9,,,,0,False
9/9_1.png,9,,,,0,False
9/9_10.png,9,,,,0,False
9/9_100.png,9,,,,0,False
9/9_101.png,9,,,,0,False
9/9_102.png,9,,,,0,False
9/9_103.png,9,,,,0,False
9/9_104.png,9,,,,0,False
9/9_105.png,9,,,,0,False
9/9_106.png,9,,,,0,False
9/9_107.png,9,,,,0,False
9/9_108.png,9,,,,0,False
9/9_109.png,9,,,,0,False
9/9_11.png,9,,,,0,False
9/9_110.png,9,,,,0,False
9/9_111.png,9,,,,0,False
9/9_112.png,9,,,,0,False
9/9_113.png,9,,,,0,False
9/9_114.png,9,,,,0,False
9/9_115.png,9,,,,0,False
9/9_116.png,9,,,,0,False
9/9_117.png,9,,,,0,False
9/9_118.png,9,,,,0,False
9/9_119.png,9,,,,0,False
9/9_12.png,9,,,,0,False
9/9_120.png,9,,,,0,False
9/9_121.png,9,,,,0,False
9/9_122.png,9,,,,0,False
9/9_123.png,9,,,,0,False
9/9_124.png,9,,,,0,False
9/9_125.png,9,,,,0,False
9/9_126.png,9,,,,0,False
9/9_127.png,9,,,,0,False
9/9_13.png,9,,,,0,False
9/9_14.png,9,,,,0,False
9/9_15.png,9,,,,0,False
9/9_16.png,9,,,,0,False
9/9_17.png,9,,,,0,False
9/9_18.png,9,,,,0,False
9/9_19.png,9,,,,0,False
9/9_2.png,9,,,,0,False
9/9_20.png,9,,,,0,False
9/9_21.png,9,,,,0,False
9/9_22.png,9,,,,0,False
9/9_23.png,9,,,,0,False
9/9_24.png,9,,,,0,False
9/9_25.png,9,,,,0,False
9/9_26.png,9,,,,0,False
9/9_27.png,9,,,,0,False
9/9_28.png,9,,,,0,False
9/9_29.png,9,,,,0,False
9/9_3.png,9,,,,0,False
9/9_30.png,9,,,,0,False
9/9_31.png,9,,,,0,False
9/9_32.png,9,,,,0,False
9/9_33.png,9,,,,0,False
9/9_34.png,9,,,,0,False
9/9_35.png,9,,,,0,False
9/9_36.png,9,,,,0,False
9/9_37.png,9,,,,0,False
9/9_38.png,9,,,,0,False
9/9_39.png,9,,,,0,False
9/9_4.png,9,,,,0,False
9/9_40.png,9,,,,0,False
9/9_41.png,9,,,,0,False
9/9_42.png,9,,,,0,False
9/9_43.png,9,,,,0,False
9/9_44.png,9,,,,0,False
9/9_45.png,9,,,,0,False
9/9_46.png,9,,,,0,False
9/9_47.png,9,,,,0,False
9/9_48.png,9,,,,0,False
9/9_49.png,9,,,,0,False
9/9_5.png,9,,,,0,False
9/9_50.png,9,,,,0,False
9/9_51.png,9,,,,0,False
9/9_52.png,9,,,,0,False
9/9_53.png,9,,,,0,False
9/9_54.png,9,,,,0,False
9/9_55.png,9,,,,0,False
9/9_56.png,9,,,,0,False
9/9_57.png,9,,,,0,False
9/9_58.png,9,,,,0,False
9/9_59.png,9,,,,0,False
9/9_6.png,9,,,,0,False
9/9_60.png,9,,,,0,False
9/9_61.png,9,,,,0,False
9/9_62.png,9,,,,0,False
9/9_63.png,9,,,,0,False
9/9_64.png,9,,,,0,False
9/9_65.png,9,,,,0,False
9/9_66.png,9,,,,0,False
9/9_67.png,9,,,,0,False
9/9_68.png,9,,,,0,False
9/9_69.png,9,,,,0,False
9/9_7.png,9,,,,0,False
9/9_70.png,9,,,,0,False
9/9_71.png,9,,,,0,False
9/9_72.png,9,,,,0,False
9/9_73.png,9,,,,0,False
9/9_74.png,9,,,,0,False
9/9_75.png,9,,,,0,False
9/9_76.png,9,,,,0,False
9/9_77.png,9,,,,0,False
9/9_78.png,9,,,,0,False
9/9_79.png,9,,,,0,False
9/9_8.png,9,,,,0,False
9/9_80.png,9,,,,0,False
9/9_81.png,9,,,,0,False
9/9_82.png,9,,,,0,False
9/9_83.png,9,,,,0,False
9/9_84.png,9,,,,0,False
9/9_85.png,9,,,,0,False
9/9_86.png,9,,,,0,False
9/9_87.png,9,,,,0,False
9/9_88.png,9,,,,0,False
9/9_89.png,9,,,,0,False
9/9_9.png,9,,,,0,False
9/9_90.png,9,,,,0,False
9/9_91.png,9,,,,0,False
9/9_92.png,9,,,,0,False
9/9_93.png,9,,,,0,False
9/9_94.png,9,,,,0,False
9/9_95.png,9,,,,0,False
9/9_96.png,9,,,,0,False
9/9_97.png,9,,,,0,False
9/9_98.png,9,,,,0,False
9/9_99.png,9,,,,0,False
10/10_0.png,10,,,,0,False
10/10_1.png,10,,,,0,False
10/10_10.png,10,,,,0,False
10/10_100.png,10,,,,0,False
10/10_101.png,10,,,,0,False
10/10_102.png,10,,,,0,False
10/10_103.png,10,,,,0,False
10/10_104.png,10,,,,0,False
10/10_105.png,10,,,,0,False
10/10_106.png,10,,,,0,False
10/10_107.png,10,,,,0,False
10/10_108.png,10,,,,0,False
10/10_109.png,10,,,,0,False
10/10_11.png,10,,,,0,False
10/10_110.png,10,,,,0,False
10/10_111.png,10,,,,0,False
10/10_112.png,10,,,,0,False
10/10_113.png,10,,,,0,False
10/10_114.png,10,,,,0,False
10/10_115.png,10,,,,0,False
10/10_116.png,10,,,,0,False
10/10_117.png,10,,,,0,False
10/10_118.png,10,,,,0,False
10/10_119.png,10,,,,0,False
10/10_12.png,10,,,,0,False
10/10_120.png,10,,,,0,False
10/10_121.png,10,,,,0,False
10/10_122.png,10,,,,0,False
10/10_123.png,10,,,,0,False
10/10_13.png,10,,,,0,False
10/10_14.png,10,,,,0,False
10/10_15.png,10,,,,0,False
10/10_16.png,10,,,,0,False
10/10_17.png,10,,,,0,False
10/10_18.png,10,,,,0,False
10/10_19.png,10,,,,0,False
10/10_2.png,10,,,,0,False
10/10_20.png,10,,,,0,False
10/10_21.png,10,,,,0,False
10/10_22.png,10,,,,0,False
10/10_23.png,10,,,,0,False
10/10_24.png,10,,,,0,False
10/10_25.png,10,,,,0,False
10/10_26.png,10,,,,0,False
10/10_27.png,10,,,,0,False
10/10_28.png,10,,,,0,False
10/10_29.png,10,,,,0,False
10/10_3.png,10,,,,0,False
10/10_30.png,10,,,,0,False
10/10_31.png,10,,,,0,False
10/10_32.png,10,,,,0,False
10/10_33.png,10,,,,0,False
10/10_34.png,10,,,,0,False
10/10_35.png,10,,,,0,False
10/10_36.png,10,,,,0,False
10/10_37.png,10,,,,0,False
10/10_38.png,10,,,,0,False
10/10_39.png,10,,,,0,False
10/10_4.png,10,,,,0,False
10/10_40.png,10,,,,0,False
10/10_41.png,10,,,,0,False
10/10_42.png,10,,,,0,False
10/10_43.png,10,,,,0,False
10/10_44.png,10,,,,0,False
10/10_45.png,10,,,,0,False
10/10_46.png,10,,,,0,False
10/10_47.png,10,,,,0,False
10/10_48.png,10,,,,0,False
10/10_49.png,10,,,,0,False
10/10_5.png,10,,,,0,False
10/10_50.png,10,,,,0,False
10/10_51.png,10,,,,0,False
10/10_52.png,10,,,,0,False
10/10_53.png,10,,,,0,False
10/10_54.png,10,,,,0,False
10/10_55.png,10,,,,0,False
10/10_56.png,10,,,,0,False
10/10_57.png,10,,,,0,False
10/10_58.png,10,,,,0,False
10/10_59.png,10,,,,0,False
10/10_6.png,10,,,,0,False
10/10_60.png,10,,,,0,False
10/10_61.png,10,,,,0,False
10/10_62.png,10,,,,0,False
10/10_63.png,10,,,,0,False
10/10_64.png,10,,,,0,False
10/10_65.png,10,,,,0,False
10/10_66.png,10,,,,0,False
10/10_67.png,10,,,,0,False
10/10_68.png,10,,,,0,False
10/10_69.png,10,,,,0,False
10/10_7.png,10,,,,0,False
10/10_70.png,10,,,,0,False
10/10_71.png,10,,,,0,False
10/10_72.png,10,,,,0,False
10/10_73.png,10,,,,0,False
10/10_74.png,10,,,,0,False
10/10_75.png,10,,,,0,False
10/10_76.png,10,,,,0,False
10/10_77.png,10,,,,0,False
10/10_78.png,10,,,,0,False
10/10_79.png,10,,,,0,False
10/10_8.png,10,,,,0,False
10/10_80.png,10,,,,0,False
10/10_81.png,10,,,,0,False
10/10_82.png,10,,,,0,False
10/10_83.png,10,,,,0,False
10/10_84.png,10,,,,0,False
10/10_85.png,10,,,,0,False
10/10_86.png,10,,,,0,False
10/10_87.png,10,,,,0,False
10/10_88.png,10,,,,0,False
10/10_89.png,10,,,,0,False
10/10_9.png,10,,,,0,False
10/10_90.png,10,,,,0,False
10/10_91.png,10,,,,0,False
10/10_92.png,10,,,,0,False
10/10_93.png,10,,,,0,False
10/10_94.png,10,,,,0,False
10/10_95.png,10,,,,0,False
10/10_96.png,10,,,,0,False
10/10_97.png,10,,,,0,False
10/10_98.png,10,,,,0,False
10/10_99.png,10,,,,0,False
11/11_0.png,11,,,,0,False
11/11_1.png,11,,,,0,False
11/11_10.png,11,,,,0,False
11/11_100.png,11,,,,0,False
11/11_101.png,11,,,,0,False
11/11_102.png,11,,,,0,False
11/11_103.png,11,,,,0,False
11/11_104.png,11,,,,0,False
11/11_105.png,11,,,,0,False
11/11_106.png,11,,,,0,False
11/11_107.png,11,,,,0,False
11/11_108.png,11,,,,0,False
11/11_109.png,11,,,,0,False
11/11_11.png,11,,,,0,False
11/11_110.png,11,,,,0,False
11/11_111.png,11,,,,0,False
11/11_112.png,11,,,,0,False
11/11_113.png,11,,,,0,False
11/11_114.png,11,,,,0,False
11/11_115.png,11,,,,0,False
11/11_116.png,11,,,,0,False
11/11_117.png,11,,,,0,False
11/11_118.png,11,,,,0,False
11/11_119.png,11,,,,0,False
11/11_12.png,11,,,,0,False
11/11_120.png,11,,,,0,False
11/11_121.png,11,,,,0,False
11/11_122.png,11,,,,0,False
11/11_123.png,11,,,,0,False
11/11_124.png,11,,,,0,False
11/11_125.png,11,,,,0,False
11/11_13.png,11,,,,0,False
11/11_14.png,11,,,,0,False
11/11_15.png,11,,,,0,False
11/11_16.png,11,,,,0,False
11/11_17.png,11,,,,0,False
11/11_18.png,11,,,,0,False
11/11_19.png,11,,,,0,False
11/11_2.png,11,,,,0,False
11/11_20.png,11,,,,0,False
11/11_21.png,11,,,,0,False
11/11_22.png,11,,,,0,False
11/11_23.png,11,,,,0,False
11/11_24.png,11,,,,0,False
11/11_25.png,11,,,,0,False
11/11_26.png,11,,,,0,False
11/11_27.png,11,,,,0,False
11/11_28.png,11,,,,0,False
11/11_29.png,11,,,,0,False
11/11_3.png,11,,,,0,False
11/11_30.png,11,,,,0,False
11/11_31.png,11,,,,0,False
11/11_32.png,11,,,,0,False
11/11_33.png,11,,,,0,False
11/11_34.png,11,,,,0,False
11/11_35.png,11,,,,0,False
11/11_36.png,11,,,,0,False
11/11_37.png,11,,,,0,False
11/11_38.png,11,,,,0,False
11/11_39.png,11,,,,0,False
11/11_4.png,11,,,,0,False
11/11_40.png,11,,,,0,False
11/11_41.png,11,,,,0,False
11/11_42.png,11,,,,0,False
11/11_43.png,11,,,,0,False
11/11_44.png,11,,,,0,False
11/11_45.png,11,,,,0,False
11/11_46.png,11,,,,0,False
11/11_47.png,11,,,,0,False
11/11_48.png,11,,,,0,False
11/11_49.png,11,,,,0,False
11/11_5.png,11,,,,0,False
11/11_50.png,11,,,,0,False
11/11_51.png,11,,,,0,False
11/11_52.png,11,,,,0,False
11/11_53.png,11,,,,0,False
11/11_54.png,11,,,,0,False
11/11_55.png,11,,,,0,False
11/11_56.png,11,,,,0,False
11/11_57.png,11,,,,0,False
11/11_58.png,11,,,,0,False
11/11_59.png,11,,,,0,False
11/11_6.png,11,,,,0,False
11/11_60.png,11,,,,0,False
11/11_61.png,11,,,,0,False
11/11_62.png,11,,,,0,False
11/11_63.png,11,,,,0,False
11/11_64.png,11,,,,0,False
11/11_65.png,11,,,,0,False
11/11_66.png,11,,,,0,False
11/11_67.png,11,,,,0,False
11/11_68.png,11,,,,0,False
11/11_69.png,11,,,,0,False
11/11_7.png,11,,,,0,False
11/11_70.png,11,,,,0,False
11/11_71.png,11,,,,0,False
11/11_72.png,11,,,,0,False
11/11_73.png,11,,,,0,False
11/11_74.png,11,,,,0,False
11/11_75.png,11,,,,0,False
11/11_76.png,11,,,,0,False
11/11_77.png,11,,,,0,False
11/11_78.png,11,,,,0,False
11/11_79.png,11,,,,0,False
11/11_8.png,11,,,,0,False
11/11_80.png,11,,,,0,False
11/11_81.png,11,,,,0,False
11/11_82.png,11,,,,0,False
11/11_83.png,11,,,,0,False
11/11_84.png,11,,,,0,False
11/11_85.png,11,,,,0,False
11/11_86.png,11,,,,0,False
11/11_87.png,11,,,,0,False
11/11_88.png,11,,,,0,False
11/11_89.png,11,,,,0,False
11/11_9.png,11,,,,0,False
11/11_90.png,11,,,,0,False
11/11_91.png,11,,,,0,False
11/11_92.png,11,,,,0,False
11/11_93.png,11,,,,0,False
11/11_94.png,11,,,,0,False
11/11_95.png,11,,,,0,False
11/11_96.png,11,,,,0,False
11/11_97.png,11,,,,0,False
11/11_98.png,11,,,,0,False
11/11_99.png,11,,,,0,False
12/12_0.png,12,,,,0,False
12/12_1.png,12,,,,0,False
12/12_10.png,12,,,,0,False
12/12_100.png,12,,,,0,False
12/12_101.png,12,,,,0,False
12/12_102.png,12,,,,0,False
12/12_103.png,12,,,,0,False
12/12_104.png,12,,,,0,False
12/12_105.png,12,,,,0,False
12/12_106.png,12,,,,0,False
12/12_107.png,12,,,,0,False
12/12_108.png,12,,,,0,False
12/12_109.png,12,,,,0,False
12/12_11.png,12,,,,0,False
12/12_110.png,12,,,,0,False
12/12_111.png,12,,,,0,False
12/12_112.png,12,,,,0,False
12/12_113.png,12,,,,0,False
12/12_114.png,12,,,,0,False
12/12_115.png,12,,,,0,False
12/12_116.png,12,,,,0,False
12/12_117.png,12,,,,0,False
12/12_118.png,12,,,,0,False
12/12_119.png,12,,,,0,False
12/12_12.png,12,,,,0,False
12/12_120.png,12,,,,0,False
12/12_121.png,12,,,,0,False
12/12_13.png,12,,,,0,False
12/12_14.png,12,,,,0,False
12/12_15.png,12,,,,0,False
12/12_16.png,12,,,,0,False
12/12_17.png,12,,,,0,False
12/12_18.png,12,,,,0,False
12/12_19.png,12,,,,0,False
12/12_2.png,12,,,,0,False
12/12_20.png,12,,,,0,False
12/12_21.png,12,,,,0,False
12/12_22.png,12,,,,0,False
12/12_23.png,12,,,,0,False
12/12_24.png,12,,,,0,False
12/12_25.png,12,,,,0,False
12/12_26.png,12,,,,0,False
12/12_27.png,12,,,,0,False
12/12_28.png,12,,,,0,False
12/12_29.png,12,,,,0,False
12/12_3.png,12,,,,0,False
12/12_30.png,12,,,,0,False
12/12_31.png,12,,,,0,False
12/12_32.png,12,,,,0,False
12/12_33.png,12,,,,0,False
12/12_34.png,12,,,,0,False
12/12_35.png,12,,,,0,False
12/12_36.png,12,,,,0,False
12/12_37.png,12,,,,0,False
12/12_38.png,12,,,,0,False
12/12_39.png,12,,,,0,False
12/12_4.png,12,,,,0,False
12/12_40.png,12,,,,0,False
12/12_41.png,12,,,,0,False
12/12_42.png,12,,,,0,False
12/12_43.png,12,,,,0,False
12/12_44.png,12,,,,0,False
12/12_45.png,12,,,,0,False
12/12_46.png,12,,,,0,False
12/12_47.png,12,,,,0,False
12/12_48.png,12,,,,0,False
12/12_49.png,12,,,,0,False
12/12_5.png,12,,,,0,False
12/12_50.png,12,,,,0,False
12/12_51.png,12,,,,0,False
12/12_52.png,12,,,,0,False
12/12_53.png,12,,,,0,False
12/12_54.png,12,,,,0,False
12/12_55.png,12,,,,0,False
12/12_56.png,12,,,,0,False
12/12_57.png,12,,,,0,False
12/12_58.png,12,,,,0,False
12/12_59.png,12,,,,0,False
12/12_6.png,12,,,,0,False
12/12_60.png,12,,,,0,False
12/12_61.png,12,,,,0,False
12/12_62.png,12,,,,0,False
12/12_63.png,12,,,,0,False
12/12_64.png,12,,,,0,False
12/12_65.png,12,,,,0,False
12/12_66.png,12,,,,0,False
12/12_67.png,12,,,,0,False
12/12_68.png,12,,,,0,False
12/12_69.png,12,,,,0,False
12/12_7.png,12,,,,0,False
12/12_70.png,12,,,,0,False
12/12_71.png,12,,,,0,False
12/12_72.png,12,,,,0,False
12/12_73.png,12,,,,0,False
12/12_74.png,12,,,,0,False
12/12_75.png,12,,,,0,False
12/12_76.png,12,,,,0,False
12/12_77.png,12,,,,0,False
12/12_78.png,12,,,,0,False
12/12_79.png,12,,,,0,False
12/12_8.png,12,,,,0,False
12/12_80.png,12,,,,0,False
12/12_81.png,12,,,,0,False
12/12_82.png,12,,,,0,False
12/12_83.png,12,,,,0,False
12/12_84.png,12,,,,0,False
12/12_85.png,12,,,,0,False
12/12_86.png,12,,,,0,False
12/12_87.png,12,,,,0,False
12/12_88.png,12,,,,0,False
12/12_89.png,12,,,,0,False
12/12_9.png,12,,,,0,False
12/12_90.png,12,,,,0,False
12/12_91.png,12,,,,0,False
12/12_92.png,12,,,,0,False
12/12_93.png,12,,,,0,False
12/12_94.png,12,,,,0,False
12/12_95.png,12,,,,0,False
12/12_96.png,12,,,,0,False
12/12_97.png,12,,,,0,False
12/12_98.png,12,,,,0,False
12/12_99.png,12,,,,0,False
13/13_0.png,13,,,,0,False
13/13_1.png,13,,,,0,False
13/13_10.png,13,,,,0,False
13/13_100.png,13,,,,0,False
13/13_101.png,13,,,,0,False
13/13_102.png,13,,,,0,False
13/13_103.png,13,,,,0,False
13/13_104.png,13,,,,0,False
13/13_105.png,13,,,,0,False
13/13_106.png,13,,,,0,False
13/13_107.png,13,,,,0,False
13/13_108.png,13,,,,0,False
13/13_109.png,13,,,,0,False
13/13_11.png,13,,,,0,False
13/13_110.png,13,,,,0,False
13/13_111.png,13,,,,0,False
13/13_112.png,13,,,,0,False
13/13_113.png,13,,,,0,False
13/13_114.png,13,,,,0,False
13/13_115.png,13,,,,0,False
13/13_116.png,13,,,,0,False
13/13_117.png,13,,,,0,False
13/13_118.png,13,,,,0,False
13/13_119.png,13,,,,0,False
13/13_12.png,13,,,,0,False
13/13_120.png,13,,,,0,False
13/13_121.png,13,,,,0,False
13/13_122.png,13,,,,0,False
13/13_123.png,13,,,,0,False
13/13_124.png,13,,,,0,False
13/13_125.png,13,,,,0,False
13/13_126.png,13,,,,0,False
13/13_127.png,13,,,,0,False
13/13_13.png,13,,,,0,False
13/13_14.png,13,,,,0,False
13/13_15.png,13,,,,0,False
13/13_16.png,13,,,,0,False
13/13_17.png,13,,,,0,False
13/13_18.png,13,,,,0,False
13/13_19.png,13,,,,0,False
13/13_2.png,13,,,,0,False
13/13_20.png,13,,,,0,False
13/13_21.png,13,,,,0,False
13/13_22.png,13,,,,0,False
13/13_23.png,13,,,,0,False
13/13_24.png,13,,,,0,False
13/13_25.png,13,,,,0,False
13/13_26.png,13,,,,0,False
13/13_27.png,13,,,,0,False
13/13_28.png,13,,,,0,False
13/13_29.png,13,,,,0,False
13/13_3.png,13,,,,0,False
13/13_30.png,13,,,,0,False
13/13_31.png,13,,,,0,False
13/13_32.png,13,,,,0,False
13/13_33.png,13,,,,0,False
13/13_34.png,13,,,,0,False
13/13_35.png,13,,,,0,False
13/13_36.png,13,,,,0,False
13/13_37.png,13,,,,0,False
13/13_38.png,13,,,,0,False
13/13_39.png,13,,,,0,False
13/13_4.png,13,,,,0,False
13/13_40.png,13,,,,0,False
13/13_41.png,13,,,,0,False
13/13_42.png,13,,,,0,False
13/13_43.png,13,,,,0,False
13/13_44.png,13,,,,0,False
13/13_45.png,13,,,,0,False
13/13_46.png,13,,,,0,False
13/13_47.png,13,,,,0,False
13/13_48.png,13,,,,0,False
13/13_49.png,13,,,,0,False
13/13_5.png,13,,,,0,False
13/13_50.png,13,,,,0,False
13/13_51.png,13,,,,0,False
13/13_52.png,13,,,,0,False
13/13_53.png,13,,,,0,False
13/13_54.png,13,,,,0,False
13/13_55.png,13,,,,0,False
13/13_56.png,13,,,,0,False
13/13_57.png,13,,,,0,False
13/13_58.png,13,,,,0,False
13/13_59.png,13,,,,0,False
13/13_6.png,13,,,,0,False
13/13_60.png,13,,,,0,False
13/13_61.png,13,,,,0,False
13/13_62.png,13,,,,0,False
13/13_63.png,13,,,,0,False
13/13_64.png,13,,,,0,False
13/13_65.png,13,,,,0,False
13/13_66.png,13,,,,0,False
13/13_67.png,13,,,,0,False
13/13_68.png,13,,,,0,False
13/13_69.png,13,,,,0,False
13/13_7.png,13,,,,0,False
13/13_70.png,13,,,,0,False
13/13_71.png,13,,,,0,False
13/13_72.png,13,,,,0,False
13/13_73.png,13,,,,0,False
13/13_74.png,13,,,,0,False
13/13_75.png,13,,,,0,False
13/13_76.png,13,,,,0,False
13/13_77.png,13,,,,0,False
13/13_78.png,13,,,,0,False
13/13_79.png,13,,,,0,False
13/13_8.png,13,,,,0,False
13/13_80.png,13,,,,0,False
13/13_81.png,13,,,,0,False
13/13_82.png,13,,,,0,False
13/13_83.png,13,,,,0,False
13/13_84.png,13,,,,0,False
13/13_85.png,13,,,,0,False
13/13_86.png,13,,,,0,False
13/13_87.png,13,,,,0,False
13/13_88.png,13,,,,0,False
13/13_89.png,13,,,,0,False
13/13_9.png,13,,,,0,False
13/13_90.png,13,,,,0,False
13/13_91.png,13,,,,0,False
13/13_92.png,13,,,,0,False
13/13_93.png,13,,,,0,False
13/13_94.png,13,,,,0,False
13/13_95.png,13,,,,0,False
13/13_96.png,13,,,,0,False
13/13_97.png,13,,,,0,False
13/13_98.png,13,,,,0,False
13/13_99.png,13,,,,0,False
14/14_0.png,14,,,,0,False
14/14_1.png,14,,,,0,False
14/14_10.png,14,,,,0,False
14/14_100.png,14,,,,0,False
14/14_101.png,14,,,,0,False
14/14_102.png,14,,,,0,False
14/14_103.png,14,,,,0,False
14/14_104.png,14,,,,0,False
14/14_105.png,14,,,,0,False
14/14_106.png,14,,,,0,False
14/14_107.png,14,,,,0,False
14/14_108.png,14,,,,0,False
14/14_109.png,14,,,,0,False
14/14_11.png,14,,,,0,False
14/14_110.png,14,,,,0,False
14/14_111.png,14,,,,0,False
14/14_112.png,14,,,,0,False
14/14_113.png,14,,,,0,False
14/14_114.png,14,,,,0,False
14/14_115.png,14,,,,0,False
14/14_116.png,14,,,,0,False
14/14_117.png,14,,,,0,False
14/14_118.png,14,,,,0,False
14/14_119.png,14,,,,0,False
14/14_12.png,14,,,,0,False
14/14_120.png,14,,,,0,False
14/14_121.png,14,,,,0,False
14/14_122.png,14,,,,0,False
14/14_123.png,14,,,,0,False
14/14_124.png,14,,,,0,False
14/14_125.png,14,,,,0,False
14/14_126.png,14,,,,0,False
14/14_127.png,14,,,,0,False
14/14_13.png,14,,,,0,False
14/14_14.png,14,,,,0,False
14/14_15.png,14,,,,0,False
14/14_16.png,14,,,,0,False
14/14_17.png,14,,,,0,False
14/14_18.png,14,,,,0,False
14/14_19.png,14,,,,0,False
14/14_2.png,14,,,,0,False
14/14_20.png,14,,,,0,False
14/14_21.png,14,,,,0,False
14/14_22.png,14,,,,0,False
14/14_23.png,14,,,,0,False
14/14_24.png,14,,,,0,False
14/14_25.png,14,,,,0,False
14/14_26.png,14,,,,0,False
14/14_27.png,14,,,,0,False
14/14_28.png,14,,,,0,False
14/14_29.png,14,,,,0,False
14/14_3.png,14,,,,0,False
14/14_30.png,14,,,,0,False
14/14_31.png,14,,,,0,False
14/14_32.png,14,,,,0,False
14/14_33.png,14,,,,0,False
14/14_34.png,14,,,,0,False
14/14_35.png,14,,,,0,False
14/14_36.png,14,,,,0,False
14/14_37.png,14,,,,0,False
14/14_38.png,14,,,,0,False
14/14_39.png,14,,,,0,False
14/14_4.png,14,,,,0,False
14/14_40.png,14,,,,0,False
14/14_41.png,14,,,,0,False
14/14_42.png,14,,,,0,False
14/14_43.png,14,,,,0,False
14/14_44.png,14,,,,0,False
14/14_45.png,14,,,,0,False
14/14_46.png,14,,,,0,False
14/14_47.png,14,,,,0,False
14/14_48.png,14,,,,0,False
14/14_49.png,14,,,,0,False
14/14_5.png,14,,,,0,False
14/14_50.png,14,,,,0,False
14/14_51.png,14,,,,0,False
14/14_52.png,14,,,,0,False
14/14_53.png,14,,,,0,False
14/14_54.png,14,,,,0,False
14/14_55.png,14,,,,0,False
14/14_56.png,14,,,,0,False
14/14_57.png,14,,,,0,False
14/14_58.png,14,,,,0,False
14/14_59.png,14,,,,0,False
14/14_6.png,14,,,,0,False
14/14_60.png,14,,,,0,False
14/14_61.png,14,,,,0,False
14/14_62.png,14,,,,0,False
14/14_63.png,14,,,,0,False
14/14_64.png,14,,,,0,False
14/14_65.png,14,,,,0,False
14/14_66.png,14,,,,0,False
14/14_67.png,14,,,,0,False
14/14_68.png,14,,,,0,False
14/14_69.png,14,,,,0,False
14/14_7.png,14,,,,0,False
14/14_70.png,14,,,,0,False
14/14_71.png,14,,,,0,False
14/14_72.png,14,,,,0,False
14/14_73.png,14,,,,0,False
14/14_74.png,14,,,,0,False
14/14_75.png,14,,,,0,False
14/14_76.png,14,,,,0,False
14/14_77.png,14,,,,0,False
14/14_78.png,14,,,,0,False
14/14_79.png,14,,,,0,False
14/14_8.png,14,,,,0,False
14/14_80.png,14,,,,0,False
14/14_81.png,14,,,,0,False
14/14_82.png,14,,,,0,False
14/14_83.png,14,,,,0,False
14/14_84.png,14,,,,0,False
14/14_85.png,14,,,,0,False
14/14_86.png,14,,,,0,False
14/14_87.png,14,,,,0,False
14/14_88.png,14,,,,0,False
14/14_89.png,14,,,,0,False
14/14_9.png,14,,,,0,False
14/14_90.png,14,,,,0,False
14/14_91.png,14,,,,0,False
14/14_92.png,14,,,,0,False
14/14_93.png,14,,,,0,False
14/14_94.png,14,,,,0,False
14/14_95.png,14,,,,0,False
14/14_96.png,14,,,,0,False
14/14_97.png,14,,,,0,False
14/14_98.png,14,,,,0,False
14/14_99.png,14,,,,0,False
15/15_0.png,15,,,,0,False
15/15_1.png,15,,,,0,False
15/15_10.png,15,,,,0,False
15/15_100.png,15,,,,0,False
15/15_101.png,15,,,,0,False
15/15_102.png,15,,,,0,False
15/15_103.png,15,,,,0,False
15/15_104.png,15,,,,0,False
15/15_105.png,15,,,,0,False
15/15_106.png,15,,,,0,False
15/15_107.png,15,,,,0,False
15/15_108.png,15,,,,0,False
15/15_109.png,15,,,,0,False
15/15_11.png,15,,,,0,False
15/15_110.png,15,,,,0,False
15/15_111.png,15,,,,0,False
15/15_112.png,15,,,,0,False
15/15_113.png,15,,,,0,False
15/15_114.png,15,,,,0,False
15/15_115.png,15,,,,0,False
15/15_116.png,15,,,,0,False
15/15_117.png,15,,,,0,False
15/15_118.png,15,,,,0,False
15/15_119.png,15,,,,0,False
15/15_12.png,15,,,,0,False
15/15_120.png,15,,,,0,False
15/15_121.png,15,,,,0,False
15/15_122.png,15,,,,0,False
15/15_123.png,15,,,,0,False
15/15_124.png,15,,,,0,False
15/15_125.png,15,,,,0,False
15/15_13.png,15,,,,0,False
15/15_14.png,15,,,,0,False
15/15_15.png,15,,,,0,False
15/15_16.png,15,,,,0,False
15/15_17.png,15,,,,0,False
15/15_18.png,15,,,,0,False
15/15_19.png,15,,,,0,False
15/15_2.png,15,,,,0,False
15/15_20.png,15,,,,0,False
15/15_21.png,15,,,,0,False
15/15_22.png,15,,,,0,False
15/15_23.png,15,,,,0,False
15/15_24.png,15,,,,0,False
15/15_25.png,15,,,,0,False
15/15_26.png,15,,,,0,False
15/15_27.png,15,,,,0,False
15/15_28.png,15,,,,0,False
15/15_29.png,15,,,,0,False
15/15_3.png,15,,,,0,False
15/15_30.png,15,,,,0,False
15/15_31.png,15,,,,0,False
15/15_32.png,15,,,,0,False
15/15_33.png,15,,,,0,False
15/15_34.png,15,,,,0,False
15/15_35.png,15,,,,0,False
15/15_36.png,15,,,,0,False
15/15_37.png,15,,,,0,False
15/15_38.png,15,,,,0,False
15/15_39.png,15,,,,0,False
15/15_4.png,15,,,,0,False
15/15_40.png,15,,,,0,False
15/15_41.png,15,,,,0,False
15/15_42.png,15,,,,0,False
15/15_43.png,15,,,,0,False
15/15_44.png,15,,,,0,False
15/15_45.png,15,,,,0,False
15/15_46.png,15,,,,0,False
15/15_47.png,15,,,,0,False
15/15_48.png,15,,,,0,False
15/15_49.png,15,,,,0,False
15/15_5.png,15,,,,0,False
15/15_50.png,15,,,,0,False
15/15_51.png,15,,,,0,False
15/15_52.png,15,,,,0,False
15/15_53.png,15,,,,0,False
15/15_54.png,15,,,,0,False
15/15_55.png,15,,,,0,False
15/15_56.png,15,,,,0,False
15/15_57.png,15,,,,0,False
15/15_58.png,15,,,,0,False
15/15_59.png,15,,,,0,False
15/15_6.png,15,,,,0,False
15/15_60.png,15,,,,0,False
15/15_61.png,15,,,,0,False
15/15_62.png,15,,,,0,False
15/15_63.png,15,,,,0,False
15/15_64.png,15,,,,0,False
15/15_65.png,15,,,,0,False
15/15_66.png,15,,,,0,False
15/15_67.png,15,,,,0,False
15/15_68.png,15,,,,0,False
15/15_69.png,15,,,,0,False
15/15_7.png,15,,,,0,False
15/15_70.png,15,,,,0,False
15/15_71.png,15,,,,0,False
15/15_72.png,15,,,,0,False
15/15_73.png,15,,,,0,False
15/15_74.png,15,,,,0,False
15/15_75.png,15,,,,0,False
15/15_76.png,15,,,,0,False
15/15_77.png,15,,,,0,False
15/15_78.png,15,,,,0,False
15/15_79.png,15,,,,0,False
15/15_8.png,15,,,,0,False
15/15_80.png,15,,,,0,False
15/15_81.png,15,,,,0,False
15/15_82.png,15,,,,0,False
15/15_83.png,15,,,,0,False
15/15_84.png,15,,,,0,False
15/15_85.png,15,,,,0,False
15/15_86.png,15,,,,0,False
15/15_87.png,15,,,,0,False
15/15_88.png,15,,,,0,False
15/15_89.png,15,,,,0,False
15/15_9.png,15,,,,0,False
15/15_90.png,15,,,,0,False
15/15_91.png,15,,,,0,False
15/15_92.png,15,,,,0,False
15/15_93.png,15,,,,0,False
15/15_94.png,15,,,,0,False
15/15_95.png,15,,,,0,False
15/15_96.png,15,,,,0,False
15/15_97.png,15,,,,0,False
15/15_98.png,15,,,,0,False
15/15_99.png,15,,,,0,False
16/16_0.png,16,,,,0,False
16/16_1.png,16,,,,0,False
16/16_10.png,16,,,,0,False
16/16_100.png,16,,,,0,False
16/16_101.png,16,,,,0,False
16/16_102.png,16,,,,0,False
16/16_103.png,16,,,,0,False
16/16_104.png,16,,,,0,False
16/16_105.png,16,,,,0,False
16/16_106.png,16,,,,0,False
16/16_107.png,16,,,,0,False
16/16_108.png,16,,,,0,False
16/16_109.png,16,,,,0,False
16/16_11.png,16,,,,0,False
16/16_110.png,16,,,,0,False
16/16_111.png,16,,,,0,False
16/16_112.png,16,,,,0,False
16/16_113.png,16,,,,0,False
16/16_114.png,16,,,,0,False
16/16_115.png,16,,,,0,False
16/16_116.png,16,,,,0,False
16/16_117.png,16,,,,0,False
16/16_118.png,16,,,,0,False
16/16_119.png,16,,,,0,False
16/16_12.png,16,,,,0,False
16/16_120.png,16,,,,0,False
16/16_121.png,16,,,,0,False
16/16_122.png,16,,,,0,False
16/16_123.png,16,,,,0,False
16/16_124.png,16,,,,0,False
16/16_125.png,16,,,,0,False
16/16_13.png,16,,,,0,False
16/16_14.png,16,,,,0,False
16/16_15.png,16,,,,0,False
16/16_16.png,16,,,,0,False
16/16_17.png,16,,,,0,False
16/16_18.png,16,,,,0,False
16/16_19.png,16,,,,0,False
16/16_2.png,16,,,,0,False
16/16_20.png,16,,,,0,False
16/16_21.png,16,,,,0,False
16/16_22.png,16,,,,0,False
16/16_23.png,16,,,,0,False
16/16_24.png,16,,,,0,False
16/16_25.png,16,,,,0,False
16/16_26.png,16,,,,0,False
16/16_27.png,16,,,,0,False
16/16_28.png,16,,,,0,False
16/16_29.png,16,,,,0,False
16/16_3.png,16,,,,0,False
16/16_30.png,16,,,,0,False
16/16_31.png,16,,,,0,False
16/16_32.png,16,,,,0,False
16/16_33.png,16,,,,0,False
16/16_34.png,16,,,,0,False
16/16_35.png,16,,,,0,False
16/16_36.png,16,,,,0,False
16/16_37.png,16,,,,0,False
16/16_38.png,16,,,,0,False
16/16_39.png,16,,,,0,False
16/16_4.png,16,,,,0,False
16/16_40.png,16,,,,0,False
16/16_41.png,16,,,,0,False
16/16_42.png,16,,,,0,False
16/16_43.png,16,,,,0,False
16/16_44.png,16,,,,0,False
16/16_45.png,16,,,,0,False
16/16_46.png,16,,,,0,False
16/16_47.png,16,,,,0,False
16/16_48.png,16,,,,0,False
16/16_49.png,16,,,,0,False
16/16_5.png,16,,,,0,False
16/16_50.png,16,,,,0,False
16/16_51.png,16,,,,0,False
16/16_52.png,16,,,,0,False
16/16_53.png,16,,,,0,False
16/16_54.png,16,,,,0,False
16/16_55.png,16,,,,0,False
16/16_56.png,16,,,,0,False
16/16_57.png,16,,,,0,False
16/16_58.png,16,,,,0,False
16/16_59.png,16,,,,0,False
16/16_6.png,16,,,,0,False
16/16_60.png,16,,,,0,False
16/16_61.png,16,,,,0,False
16/16_62.png,16,,,,0,False
16/16_63.png,16,,,,0,False
16/16_64.png,16,,,,0,False
16/16_65.png,16,,,,0,False
16/16_66.png,16,,,,0,False
16/16_67.png,16,,,,0,False
16/16_68.png,16,,,,0,False
16/16_69.png,16,,,,0,False
16/16_7.png,16,,,,0,False
16/16_70.png,16,,,,0,False
16/16_71.png,16,,,,0,False
16/16_72.png,16,,,,0,False
16/16_73.png,16,,,,0,False
16/16_74.png,16,,,,0,False
16/16_75.png,16,,,,0,False
16/16_76.png,16,,,,0,False
16/16_77.png,16,,,,0,False
16/16_78.png,16,,,,0,False
16/16_79.png,16,,,,0,False
16/16_8.png,16,,,,0,False
16/16_80.png,16,,,,0,False
16/16_81.png,16,,,,0,False
16/16_82.png,16,,,,0,False
16/16_83.png,16,,,,0,False
16/16_84.png,16,,,,0,False
16/16_85.png,16,,,,0,False
16/16_86.png,16,,,,0,False
16/16_87.png,16,,,,0,False
16/16_88.png,16,,,,0,False
16/16_89.png,16,,,,0,False
16/16_9.png,16,,,,0,False
16/16_90.png,16,,,,0,False
16/16_91.png,16,,,,0,False
16/16_92.png,16,,,,0,False
16/16_93.png,16,,,,0,False
16/16_94.png,16,,,,0,False
16/16_95.png,16,,,,0,False
16/16_96.png,16,,,,0,False
16/16_97.png,16,,,,0,False
16/16_98.png,16,,,,0,False
16/16_99.png,16,,,,0,False
17/17_0.png,17,,,,0,False
17/17_1.png,17,,,,0,False
17/17_10.png,17,,,,0,False
17/17_100.png,17,,,,0,False
17/17_101.png,17,,,,0,False
17/17_102.png,17,,,,0,False
17/17_103.png,17,,,,0,False
17/17_104.png,17,,,,0,False
17/17_105.png,17,,,,0,False
17/17_106.png,17,,,,0,False
17/17_107.png,17,,,,0,False
17/17_108.png,17,,,,0,False
17/17_109.png,17,,,,0,False
17/17_11.png,17,,,,0,False
17/17_110.png,17,,,,0,False
17/17_111.png,17,,,,0,False
17/17_112.png,17,,,,0,False
17/17_113.png,17,,,,0,False
17/17_114.png,17,,,,0,False
17/17_115.png,17,,,,0,False
17/17_116.png,17,,,,0,False
17/17_117.png,17,,,,0,False
17/17_118.png,17,,,,0,False
17/17_119.png,17,,,,0,False
17/17_12.png,17,,,,0,False
17/17_120.png,17,,,,0,False
17/17_121.png,17,,,,0,False
17/17_122.png,17,,,,0,False
17/17_123.png,17,,,,0,False
17/17_124.png,17,,,,0,False
17/17_125.png,17,,,,0,False
17/17_13.png,17,,,,0,False
17/17_14.png,17,,,,0,False
17/17_15.png,17,,,,0,False
17/17_16.png,17,,,,0,False
17/17_17.png,17,,,,0,False
17/17_18.png,17,,,,0,False
17/17_19.png,17,,,,0,False
17/17_2.png,17,,,,0,False
17/17_20.png,17,,,,0,False
17/17_21.png,17,,,,0,False
17/17_22.png,17,,,,0,False
17/17_23.png,17,,,,0,False
17/17_24.png,17,,,,0,False
17/17_25.png,17,,,,0,False
17/17_26.png,17,,,,0,False
17/17_27.png,17,,,,0,False
17/17_28.png,17,,,,0,False
17/17_29.png,17,,,,0,False
17/17_3.png,17,,,,0,False
17/17_30.png,17,,,,0,False
17/17_31.png,17,,,,0,False
17/17_32.png,17,,,,0,False
17/17_33.png,17,,,,0,False
17/17_34.png,17,,,,0,False
17/17_35.png,17,,,,0,False
17/17_36.png,17,,,,0,False
17/17_37.png,17,,,,0,False
17/17_38.png,17,,,,0,False
17/17_39.png,17,,,,0,False
17/17_4.png,17,,,,0,False
17/17_40.png,17,,,,0,False
17/17_41.png,17,,,,0,False
17/17_42.png,17,,,,0,False
17/17_43.png,17,,,,0,False
17/17_44.png,17,,,,0,False
17/17_45.png,17,,,,0,False
17/17_46.png,17,,,,0,False
17/17_47.png,17,,,,0,False
17/17_48.png,17,,,,0,False
17/17_49.png,17,,,,0,False
17/17_5.png,17,,,,0,False
17/17_50.png,17,,,,0,False
17/17_51.png,17,,,,0,False
17/17_52.png,17,,,,0,False
17/17_53.png,17,,,,0,False
17/17_54.png,17,,,,0,False
17/17_55.png,17,,,,0,False
17/17_56.png,17,,,,0,False
17/17_57.png,17,,,,0,False
17/17_58.png,17,,,,0,False
17/17_59.png,17,,,,0,False
17/17_6.png,17,,,,0,False
17/17_60.png,17,,,,0,False
17/17_61.png,17,,,,0,False
17/17_62.png,17,,,,0,False
17/17_63.png,17,,,,0,False
17/17_64.png,17,,,,0,False
17/17_65.png,17,,,,0,False
17/17_66.png,17,,,,0,False
17/17_67.png,17,,,,0,False
17/17_68.png,17,,,,0,False
17/17_69.png,17,,,,0,False
17/17_7.png,17,,,,0,False
17/17_70.png,17,,,,0,False
17/17_71.png,17,,,,0,False
17/17_72.png,17,,,,0,False
17/17_73.png,17,,,,0,False
17/17_74.png,17,,,,0,False
17/17_75.png,17,,,,0,False
17/17_76.png,17,,,,0,False
17/17_77.png,17,,,,0,False
17/17_78.png,17,,,,0,False
17/17_79.png,17,,,,0,False
17/17_8.png,17,,,,0,False
17/17_80.png,17,,,,0,False
17/17_81.png,17,,,,0,False
17/17_82.png,17,,,,0,False
17/17_83.png,17,,,,0,False
17/17_84.png,17,,,,0,False
17/17_85.png,17,,,,0,False
17/17_86.png,17,,,,0,False
17/17_87.png,17,,,,0,False
17/17_88.png,17,,,,0,False
17/17_89.png,17,,,,0,False
17/17_9.png,17,,,,0,False
17/17_90.png,17,,,,0,False
17/17_91.png,17,,,,0,False
17/17_92.png,17,,,,0,False
17/17_93.png,17,,,,0,False
17/17_94.png,17,,,,0,False
17/17_95.png,17,,,,0,False
17/17_96.png,17,,,,0,False
17/17_97.png,17,,,,0,False
17/17_98.png,17,,,,0,False
17/17_99.png,17,,,,0,False
18/18_0.png,18,,,,0,False
18/18_1.png,18,,,,0,False
18/18_10.png,18,,,,0,False
18/18_100.png,18,,,,0,False
18/18_101.png,18,,,,0,False
18/18_102.png,18,,,,0,False
18/18_103.png,18,,,,0,False
18/18_104.png,18,,,,0,False
18/18_105.png,18,,,,0,False
18/18_106.png,18,,,,0,False
18/18_107.png,18,,,,0,False
18/18_108.png,18,,,,0,False
18/18_109.png,18,,,,0,False
18/18_11.png,18,,,,0,False
18/18_110.png,18,,,,0,False
18/18_111.png,18,,,,0,False
18/18_112.png,18,,,,0,False
18/18_113.png,18,,,,0,False
18/18_114.png,18,,,,0,False
18/18_115.png,18,,,,0,False
18/18_116.png,18,,,,0,False
18/18_117.png,18,,,,0,False
18/18_118.png,18,,,,0,False
18/18_119.png,18,,,,0,False
18/18_12.png,18,,,,0,False
18/18_120.png,18,,,,0,False
18/18_121.png,18,,,,0,False
18/18_122.png,18,,,,0,False
18/18_123.png,18,,,,0,False
18/18_124.png,18,,,,0,False
18/18_125.png,18,,,,0,False
18/18_126.png,18,,,,0,False
18/18_127.png,18,,,,0,False
18/18_13.png,18,,,,0,False
18/18_14.png,18,,,,0,False
18/18_15.png,18,,,,0,False
18/18_16.png,18,,,,0,False
18/18_17.png,18,,,,0,False
18/18_18.png,18,,,,0,False
18/18_19.png,18,,,,0,False
18/18_2.png,18,,,,0,False
18/18_20.png,18,,,,0,False
18/18_21.png,18,,,,0,False
18/18_22.png,18,,,,0,False
18/18_23.png,18,,,,0,False
18/18_24.png,18,,,,0,False
18/18_25.png,18,,,,0,False
18/18_26.png,18,,,,0,False
18/18_27.png,18,,,,0,False
18/18_28.png,18,,,,0,False
18/18_29.png,18,,,,0,False
18/18_3.png,18,,,,0,False
18/18_30.png,18,,,,0,False
18/18_31.png,18,,,,0,False
18/18_32.png,18,,,,0,False
18/18_33.png,18,,,,0,False
18/18_34.png,18,,,,0,False
18/18_35.png,18,,,,0,False
18/18_36.png,18,,,,0,False
18/18_37.png,18,,,,0,False
18/18_38.png,18,,,,0,False
18/18_39.png,18,,,,0,False
18/18_4.png,18,,,,0,False
18/18_40.png,18,,,,0,False
18/18_41.png,18,,,,0,False
18/18_42.png,18,,,,0,False
18/18_43.png,18,,,,0,False
18/18_44.png,18,,,,0,False
18/18_45.png,18,,,,0,False
18/18_46.png,18,,,,0,False
18/18_47.png,18,,,,0,False
18/18_48.png,18,,,,0,False
18/18_49.png,18,,,,0,False
18/18_5.png,18,,,,0,False
18/18_50.png,18,,,,0,False
18/18_51.png,18,,,,0,False
18/18_52.png,18,,,,0,False
18/18_53.png,18,,,,0,False
18/18_54.png,18,,,,0,False
18/18_55.png,18,,,,0,False
18/18_56.png,18,,,,0,False
18/18_57.png,18,,,,0,False
18/18_58.png,18,,,,0,False
18/18_59.png,18,,,,0,False
18/18_6.png,18,,,,0,False
18/18_60.png,18,,,,0,False
18/18_61.png,18,,,,0,False
18/18_62.png,18,,,,0,False
18/18_63.png,18,,,,0,False
18/18_64.png,18,,,,0,False
18/18_65.png,18,,,,0,False
18/18_66.png,18,,,,0,False
18/18_67.png,18,,,,0,False
18/18_68.png,18,,,,0,False
18/18_69.png,18,,,,0,False
18/18_7.png,18,,,,0,False
18/18_70.png,18,,,,0,False
18/18_71.png,18,,,,0,False
18/18_72.png,18,,,,0,False
18/18_73.png,18,,,,0,False
18/18_74.png,18,,,,0,False
18/18_75.png,18,,,,0,False
18/18_76.png,18,,,,0,False
18/18_77.png,18,,,,0,False
18/18_78.png,18,,,,0,False
18/18_79.png,18,,,,0,False
18/18_8.png,18,,,,0,False
18/18_80.png,18,,,,0,False
18/18_81.png,18,,,,0,False
18/18_82.png,18,,,,0,False
18/18_83.png,18,,,,0,False
18/18_84.png,18,,,,0,False
18/18_85.png,18,,,,0,False
18/18_86.png,18,,,,0,False
18/18_87.png,18,,,,0,False
18/18_88.png,18,,,,0,False
18/18_89.png,18,,,,0,False
18/18_9.png,18,,,,0,False
18/18_90.png,18,,,,0,False
18/18_91.png,18,,,,0,False
18/18_92.png,18,,,,0,False
18/18_93.png,18,,,,0,False
18/18_94.png,18,,,,0,False
18/18_95.png,18,,,,0,False
18/18_96.png,18,,,,0,False
18/18_97.png,18,,,,0,False
18/18_98.png,18,,,,0,False
18/18_99.png,18,,,,0,False
19/19_0.png,19,,,,0,False
19/19_1.png,19,,,,0,False
19/19_10.png,19,,,,0,False
19/19_100.png,19,,,,0,False
19/19_101.png,19,,,,0,False
19/19_102.png,19,,,,0,False
19/19_103.png,19,,,,0,False
19/19_104.png,19,,,,0,False
19/19_105.png,19,,,,0,False
19/19_106.png,19,,,,0,False
19/19_107.png,19,,,,0,False
19/19_108.png,19,,,,0,False
19/19_109.png,19,,,,0,False
19/19_11.png,19,,,,0,False
19/19_110.png,19,,,,0,False
19/19_111.png,19,,,,0,False
19/19_112.png,19,,,,0,False
19/19_113.png,19,,,,0,False
19/19_114.png,19,,,,0,False
19/19_115.png,19,,,,0,False
19/19_116.png,19,,,,0,False
19/19_117.png,19,,,,0,False
19/19_118.png,19,,,,0,False
19/19_119.png,19,,,,0,False
19/19_12.png,19,,,,0,False
19/19_120.png,19,,,,0,False
19/19_121.png,19,,,,0,False
19/19_122.png,19,,,,0,False
19/19_123.png,19,,,,0,False
19/19_124.png,19,,,,0,False
19/19_125.png,19,,,,0,False
19/19_13.png,19,,,,0,False
19/19_14.png,19,,,,0,False
19/19_15.png,19,,,,0,False
19/19_16.png,19,,,,0,False
19/19_17.png,19,,,,0,False
19/19_18.png,19,,,,0,False
19/19_19.png,19,,,,0,False
19/19_2.png,19,,,,0,False
19/19_20.png,19,,,,0,False
19/19_21.png,19,,,,0,False
19/19_22.png,19,,,,0,False
19/19_23.png,19,,,,0,False
19/19_24.png,19,,,,0,False
19/19_25.png,19,,,,0,False
19/19_26.png,19,,,,0,False
19/19_27.png,19,,,,0,False
19/19_28.png,19,,,,0,False
19/19_29.png,19,,,,0,False
19/19_3.png,19,,,,0,False
19/19_30.png,19,,,,0,False
19/19_31.png,19,,,,0,False
19/19_32.png,19,,,,0,False
19/19_33.png,19,,,,0,False
19/19_34.png,19,,,,0,False
19/19_35.png,19,,,,0,False
19/19_36.png,19,,,,0,False
19/19_37.png,19,,,,0,False
19/19_38.png,19,,,,0,False
19/19_39.png,19,,,,0,False
19/19_4.png,19,,,,0,False
19/19_40.png,19,,,,0,False
19/19_41.png,19,,,,0,False
19/19_42.png,19,,,,0,False
19/19_43.png,19,,,,0,False
19/19_44.png,19,,,,0,False
19/19_45.png,19,,,,0,False
19/19_46.png,19,,,,0,False
19/19_47.png,19,,,,0,False
19/19_48.png,19,,,,0,False
19/19_49.png,19,,,,0,False
19/19_5.png,19,,,,0,False
19/19_50.png,19,,,,0,False
19/19_51.png,19,,,,0,False
19/19_52.png,19,,,,0,False
19/19_53.png,19,,,,0,False
19/19_54.png,19,,,,0,False
19/19_55.png,19,,,,0,False
19/19_56.png,19,,,,0,False
19/19_57.png,19,,,,0,False
19/19_58.png,19,,,,0,False
19/19_59.png,19,,,,0,False
19/19_6.png,19,,,,0,False
19/19_60.png,19,,,,0,False
19/19_61.png,19,,,,0,False
19/19_62.png,19,,,,0,False
19/19_63.png,19,,,,0,False
19/19_64.png,19,,,,0,False
19/19_65.png,19,,,,0,False
19/19_66.png,19,,,,0,False
19/19_67.png,19,,,,0,False
19/19_68.png,19,,,,0,False
19/19_69.png,19,,,,0,False
19/19_7.png,19,,,,0,False
19/19_70.png,19,,,,0,False
19/19_71.png,19,,,,0,False
19/19_72.png,19,,,,0,False
19/19_73.png,19,,,,0,False
19/19_74.png,19,,,,0,False
19/19_75.png,19,,,,0,False
19/19_76.png,19,,,,0,False
19/19_77.png,19,,,,0,False
19/19_78.png,19,,,,0,False
19/19_79.png,19,,,,0,False
19/19_8.png,19,,,,0,False
19/19_80.png,19,,,,0,False
19/19_81.png,19,,,,0,False
19/19_82.png,19,,,,0,False
19/19_83.png,19,,,,0,False
19/19_84.png,19,,,,0,False
19/19_85.png,19,,,,0,False
19/19_86.png,19,,,,0,False
19/19_87.png,19,,,,0,False
19/19_88.png,19,,,,0,False
19/19_89.png,19,,,,0,False
19/19_9.png,19,,,,0,False
19/19_90.png,19,,,,0,False
19/19_91.png,19,,,,0,False
19/19_92.png,19,,,,0,False
19/19_93.png,19,,,,0,False
19/19_94.png,19,,,,0,False
19/19_95.png,19,,,,0,False
19/19_96.png,19,,,,0,False
19/19_97.png,19,,,,0,False
19/19_98.png,19,,,,0,False
19/19_99.png,19,,,,0,False
20/20_0.png,20,,,,0,False
20/20_1.png,20,,,,0,False
20/20_10.png,20,,,,0,False
20/20_100.png,20,,,,0,False
20/20_101.png,20,,,,0,False
20/20_102.png,20,,,,0,False
20/20_103.png,20,,,,0,False
20/20_104.png,20,,,,0,False
20/20_105.png,20,,,,0,False
20/20_106.png,20,,,,0,False
20/20_107.png,20,,,,0,False
20/20_108.png,20,,,,0,False
20/20_109.png,20,,,,0,False
20/20_11.png,20,,,,0,False
20/20_110.png,20,,,,0,False
20/20_111.png,20,,,,0,False
20/20_112.png,20,,,,0,False
20/20_113.png,20,,,,0,False
20/20_114.png,20,,,,0,False
20/20_115.png,20,,,,0,False
20/20_116.png,20,,,,0,False
20/20_117.png,20,,,,0,False
20/20_118.png,20,,,,0,False
20/20_119.png,20,,,,0,False
20/20_12.png,20,,,,0,False
20/20_120.png,20,,,,0,False
20/20_121.png,20,,,,0,False
20/20_122.png,20,,,,0,False
20/20_123.png,20,,,,0,False
20/20_124.png,20,,,,0,False
20/20_125.png,20,,,,0,False
20/20_13.png,20,,,,0,False
20/20_14.png,20,,,,0,False
20/20_15.png,20,,,,0,False
20/20_16.png,20,,,,0,False
20/20_17.png,20,,,,0,False
20/20_18.png,20,,,,0,False
20/20_19.png,20,,,,0,False
20/20_2.png,20,,,,0,False
20/20_20.png,20,,,,0,False
20/20_21.png,20,,,,0,False
20/20_22.png,20,,,,0,False
20/20_23.png,20,,,,0,False
20/20_24.png,20,,,,0,False
20/20_25.png,20,,,,0,False
20/20_26.png,20,,,,0,False
20/20_27.png,20,,,,0,False
20/20_28.png,20,,,,0,False
20/20_29.png,20,,,,0,False
20/20_3.png,20,,,,0,False
20/20_30.png,20,,,,0,False
20/20_31.png,20,,,,0,False
20/20_32.png,20,,,,0,False
20/20_33.png,20,,,,0,False
20/20_34.png,20,,,,0,False
20/20_35.png,20,,,,0,False
20/20_36.png,20,,,,0,False
20/20_37.png,20,,,,0,False
20/20_38.png,20,,,,0,False
20/20_39.png,20,,,,0,False
20/20_4.png,20,,,,0,False
20/20_40.png,20,,,,0,False
20/20_41.png,20,,,,0,False
20/20_42.png,20,,,,0,False
20/20_43.png,20,,,,0,False
20/20_44.png,20,,,,0,False
20/20_45.png,20,,,,0,False
20/20_46.png,20,,,,0,False
20/20_47.png,20,,,,0,False
20/20_48.png,20,,,,0,False
20/20_49.png,20,,,,0,False
20/20_5.png,20,,,,0,False
20/20_50.png,20,,,,0,False
20/20_51.png,20,,,,0,False
20/20_52.png,20,,,,0,False
20/20_53.png,20,,,,0,False
20/20_54.png,20,,,,0,False
20/20_55.png,20,,,,0,False
20/20_56.png,20,,,,0,False
20/20_57.png,20,,,,0,False
20/20_58.png,20,,,,0,False
20/20_59.png,20,,,,0,False
20/20_6.png,20,,,,0,False
20/20_60.png,20,,,,0,False
20/20_61.png,20,,,,0,False
20/20_62.png,20,,,,0,False
20/20_63.png,20,,,,0,False
20/20_64.png,20,,,,0,False
20/20_65.png,20,,,,0,False
20/20_66.png,20,,,,0,False
20/20_67.png,20,,,,0,False
20/20_68.png,20,,,,0,False
20/20_69.png,20,,,,0,False
20/20_7.png,20,,,,0,False
20/20_70.png,20,,,,0,False
20/20_71.png,20,,,,0,False
20/20_72.png,20,,,,0,False
20/20_73.png,20,,,,0,False
20/20_74.png,20,,,,0,False
20/20_75.png,20,,,,0,False
20/20_76.png,20,,,,0,False
20/20_77.png,20,,,,0,False
20/20_78.png,20,,,,0,False
20/20_79.png,20,,,,0,False
20/20_8.png,20,,,,0,False
20/20_80.png,20,,,,0,False
20/20_81.png,20,,,,0,False
20/20_82.png,20,,,,0,False
20/20_83.png,20,,,,0,False
20/20_84.png,20,,,,0,False
20/20_85.png,20,,,,0,False
20/20_86.png,20,,,,0,False
20/20_87.png,20,,,,0,False
20/20_88.png,20,,,,0,False
20/20_89.png,20,,,,0,False
20/20_9.png,20,,,,0,False
20/20_90.png,20,,,,0,False
20/20_91.png,20,,,,0,False
20/20_92.png,20,,,,0,False
20/20_93.png,20,,,,0,False
20/20_94.png,20,,,,0,False
20/20_95.png,20,,,,0,False
20/20_96.png,20,,,,0,False
20/20_97.png,20,,,,0,False
20/20_98.png,20,,,,0,False
20/20_99.png,20,,,,0,False
21/21_0.png,21,,,,0,False
21/21_1.png,21,,,,0,False
21/21_10.png,21,,,,0,False
21/21_100.png,21,,,,0,False
21/21_101.png,21,,,,0,False
21/21_102.png,21,,,,0,False
21/21_103.png,21,,,,0,False
21/21_104.png,21,,,,0,False
21/21_105.png,21,,,,0,False
21/21_106.png,21,,,,0,False
21/21_107.png,21,,,,0,False
21/21_108.png,21,,,,0,False
21/21_109.png,21,,,,0,False
21/21_11.png,21,,,,0,False
21/21_110.png,21,,,,0,False
21/21_111.png,21,,,,0,False
21/21_112.png,21,,,,0,False
21/21_113.png,21,,,,0,False
21/21_114.png,21,,,,0,False
21/21_115.png,21,,,,0,False
21/21_116.png,21,,,,0,False
21/21_117.png,21,,,,0,False
21/21_118.png,21,,,,0,False
21/21_119.png,21,,,,0,False
21/21_12.png,21,,,,0,False
21/21_120.png,21,,,,0,False
21/21_121.png,21,,,,0,False
21/21_122.png,21,,,,0,False
21/21_123.png,21,,,,0,False
21/21_13.png,21,,,,0,False
21/21_14.png,21,,,,0,False
21/21_15.png,21,,,,0,False
21/21_16.png,21,,,,0,False
21/21_17.png,21,,,,0,False
21/21_18.png,21,,,,0,False
21/21_19.png,21,,,,0,False
21/21_2.png,21,,,,0,False
21/21_20.png,21,,,,0,False
21/21_21.png,21,,,,0,False
21/21_22.png,21,,,,0,False
21/21_23.png,21,,,,0,False
21/21_24.png,21,,,,0,False
21/21_25.png,21,,,,0,False
21/21_26.png,21,,,,0,False
21/21_27.png,21,,,,0,False
21/21_28.png,21,,,,0,False
21/21_29.png,21,,,,0,False
21/21_3.png,21,,,,0,False
21/21_30.png,21,,,,0,False
21/21_31.png,21,,,,0,False
21/21_32.png,21,,,,0,False
21/21_33.png,21,,,,0,False
21/21_34.png,21,,,,0,False
21/21_35.png,21,,,,0,False
21/21_36.png,21,,,,0,False
21/21_37.png,21,,,,0,False
21/21_38.png,21,,,,0,False
21/21_39.png,21,,,,0,False
21/21_4.png,21,,,,0,False
21/21_40.png,21,,,,0,False
21/21_41.png,21,,,,0,False
21/21_42.png,21,,,,0,False
21/21_43.png,21,,,,0,False
21/21_44.png,21,,,,0,False
21/21_45.png,21,,,,0,False
21/21_46.png,21,,,,0,False
21/21_47.png,21,,,,0,False
21/21_48.png,21,,,,0,False
21/21_49.png,21,,,,0,False
21/21_5.png,21,,,,0,False
21/21_50.png,21,,,,0,False
21/21_51.png,21,,,,0,False
21/21_52.png,21,,,,0,False
21/21_53.png,21,,,,0,False
21/21_54.png,21,,,,0,False
21/21_55.png,21,,,,0,False
21/21_56.png,21,,,,0,False
21/21_57.png,21,,,,0,False
21/21_58.png,21,,,,0,False
21/21_59.png,21,,,,0,False
21/21_6.png,21,,,,0,False
21/21_60.png,21,,,,0,False
21/21_61.png,21,,,,0,False
21/21_62.png,21,,,,0,False
21/21_63.png,21,,,,0,False
21/21_64.png,21,,,,0,False
21/21_65.png,21,,,,0,False
21/21_66.png,21,,,,0,False
21/21_67.png,21,,,,0,False
21/21_68.png,21,,,,0,False
21/21_69.png,21,,,,0,False
21/21_7.png,21,,,,0,False
21/21_70.png,21,,,,0,False
21/21_71.png,21,,,,0,False
21/21_72.png,21,,,,0,False
21/21_73.png,21,,,,0,False
21/21_74.png,21,,,,0,False
21/21_75.png,21,,,,0,False
21/21_76.png,21,,,,0,False
21/21_77.png,21,,,,0,False
21/21_78.png,21,,,,0,False
21/21_79.png,21,,,,0,False
21/21_8.png,21,,,,0,False
21/21_80.png,21,,,,0,False
21/21_81.png,21,,,,0,False
21/21_82.png,21,,,,0,False
21/21_83.png,21,,,,0,False
21/21_84.png,21,,,,0,False
21/21_85.png,21,,,,0,False
21/21_86.png,21,,,,0,False
21/21_87.png,21,,,,0,False
21/21_88.png,21,,,,0,False
21/21_89.png,21,,,,0,False
21/21_9.png,21,,,,0,False
21/21_90.png,21,,,,0,False
21/21_91.png,21,,,,0,False
21/21_92.png,21,,,,0,False
21/21_93.png,21,,,,0,False
21/21_94.png,21,,,,0,False
21/21_95.png,21,,,,0,False
21/21_96.png,21,,,,0,False
21/21_97.png,21,,,,0,False
21/21_98.png,21,,,,0,False
21/21_99.png,21,,,,0,False
22/22_0.png,22,,,,0,False
22/22_1.png,22,,,,0,False
22/22_10.png,22,,,,0,False
22/22_100.png,22,,,,0,False
22/22_101.png,22,,,,0,False
22/22_102.png,22,,,,0,False
22/22_103.png,22,,,,0,False
22/22_104.png,22,,,,0,False
22/22_105.png,22,,,,0,False
22/22_106.png,22,,,,0,False
22/22_107.png,22,,,,0,False
22/22_108.png,22,,,,0,False
22/22_109.png,22,,,,0,False
22/22_11.png,22,,,,0,False
22/22_110.png,22,,,,0,False
22/22_111.png,22,,,,0,False
22/22_112.png,22,,,,0,False
22/22_113.png,22,,,,0,False
22/22_114.png,22,,,,0,False
22/22_115.png,22,,,,0,False
22/22_116.png,22,,,,0,False
22/22_117.png,22,,,,0,False
22/22_118.png,22,,,,0,False
22/22_119.png,22,,,,0,False
22/22_12.png,22,,,,0,False
22/22_120.png,22,,,,0,False
22/22_121.png,22,,,,0,False
22/22_122.png,22,,,,0,False
22/22_123.png,22,,,,0,False
22/22_124.png,22,,,,0,False
22/22_125.png,22,,,,0,False
22/22_126.png,22,,,,0,False
22/22_127.png,22,,,,0,False
22/22_13.png,22,,,,0,False
22/22_14.png,22,,,,0,False
22/22_15.png,22,,,,0,False
22/22_16.png,22,,,,0,False
22/22_17.png,22,,,,0,False
22/22_18.png,22,,,,0,False
22/22_19.png,22,,,,0,False
22/22_2.png,22,,,,0,False
22/22_20.png,22,,,,0,False
22/22_21.png,22,,,,0,False
22/22_22.png,22,,,,0,False
22/22_23.png,22,,,,0,False
22/22_24.png,22,,,,0,False
22/22_25.png,22,,,,0,False
22/22_26.png,22,,,,0,False
22/22_27.png,22,,,,0,False
22/22_28.png,22,,,,0,False
22/22_29.png,22,,,,0,False
22/22_3.png,22,,,,0,False
22/22_30.png,22,,,,0,False
22/22_31.png,22,,,,0,False
22/22_32.png,22,,,,0,False
22/22_33.png,22,,,,0,False
22/22_34.png,22,,,,0,False
22/22_35.png,22,,,,0,False
22/22_36.png,22,,,,0,False
22/22_37.png,22,,,,0,False
22/22_38.png,22,,,,0,False
22/22_39.png,22,,,,0,False
22/22_4.png,22,,,,0,False
22/22_40.png,22,,,,0,False
22/22_41.png,22,,,,0,False
22/22_42.png,22,,,,0,False
22/22_43.png,22,,,,0,False
22/22_44.png,22,,,,0,False
22/22_45.png,22,,,,0,False
22/22_46.png,22,,,,0,False
22/22_47.png,22,,,,0,False
22/22_48.png,22,,,,0,False
22/22_49.png,22,,,,0,False
22/22_5.png,22,,,,0,False
22/22_50.png,22,,,,0,False
22/22_51.png,22,,,,0,False
22/22_52.png,22,,,,0,False
22/22_53.png,22,,,,0,False
22/22_54.png,22,,,,0,False
22/22_55.png,22,,,,0,False
22/22_56.png,22,,,,0,False
22/22_57.png,22,,,,0,False
22/22_58.png,22,,,,0,False
22/22_59.png,22,,,,0,False
22/22_6.png,22,,,,0,False
22/22_60.png,22,,,,0,False
22/22_61.png,22,,,,0,False
22/22_62.png,22,,,,0,False
22/22_63.png,22,,,,0,False
22/22_64.png,22,,,,0,False
22/22_65.png,22,,,,0,False
22/22_66.png,22,,,,0,False
22/22_67.png,22,,,,0,False
22/22_68.png,22,,,,0,False
22/22_69.png,22,,,,0,False
22/22_7.png,22,,,,0,False
22/22_70.png,22,,,,0,False
22/22_71.png,22,,,,0,False
22/22_72.png,22,,,,0,False
22/22_73.png,22,,,,0,False
22/22_74.png,22,,,,0,False
22/22_75.png,22,,,,0,False
22/22_76.png,22,,,,0,False
22/22_77.png,22,,,,0,False
22/22_78.png,22,,,,0,False
22/22_79.png,22,,,,0,False
22/22_8.png,22,,,,0,False
22/22_80.png,22,,,,0,False
22/22_81.png,22,,,,0,False
22/22_82.png,22,,,,0,False
22/22_83.png,22,,,,0,False
22/22_84.png,22,,,,0,False
22/22_85.png,22,,,,0,False
22/22_86.png,22,,,,0,False
22/22_87.png,22,,,,0,False
22/22_88.png,22,,,,0,False
22/22_89.png,22,,,,0,False
22/22_9.png,22,,,,0,False
22/22_90.png,22,,,,0,False
22/22_91.png,22,,,,0,False
22/22_92.png,22,,,,0,False
22/22_93.png,22,,,,0,False
22/22_94.png,22,,,,0,False
22/22_95.png,22,,,,0,False
22/22_96.png,22,,,,0,False
22/22_97.png,22,,,,0,False
22/22_98.png,22,,,,0,False
22/22_99.png,22,,,,0,False
23/23_0.png,23,,,,0,False
23/23_1.png,23,,,,0,False
23/23_10.png,23,,,,0,False
23/23_100.png,23,,,,0,False
23/23_101.png,23,,,,0,False
23/23_102.png,23,,,,0,False
23/23_103.png,23,,,,0,False
23/23_104.png,23,,,,0,False
23/23_105.png,23,,,,0,False
23/23_106.png,23,,,,0,False
23/23_107.png,23,,,,0,False
23/23_108.png,23,,,,0,False
23/23_109.png,23,,,,0,False
23/23_11.png,23,,,,0,False
23/23_110.png,23,,,,0,False
23/23_111.png,23,,,,0,False
23/23_112.png,23,,,,0,False
23/23_113.png,23,,,,0,False
23/23_114.png,23,,,,0,False
23/23_115.png,23,,,,0,False
23/23_116.png,23,,,,0,False
23/23_117.png,23,,,,0,False
23/23_118.png,23,,,,0,False
23/23_119.png,23,,,,0,False
23/23_12.png,23,,,,0,False
23/23_120.png,23,,,,0,False
23/23_121.png,23,,,,0,False
23/23_122.png,23,,,,0,False
23/23_123.png,23,,,,0,False
23/23_124.png,23,,,,0,False
23/23_125.png,23,,,,0,False
23/23_13.png,23,,,,0,False
23/23_14.png,23,,,,0,False
23/23_15.png,23,,,,0,False
23/23_16.png,23,,,,0,False
23/23_17.png,23,,,,0,False
23/23_18.png,23,,,,0,False
23/23_19.png,23,,,,0,False
23/23_2.png,23,,,,0,False
23/23_20.png,23,,,,0,False
23/23_21.png,23,,,,0,False
23/23_22.png,23,,,,0,False
23/23_23.png,23,,,,0,False
23/23_24.png,23,,,,0,False
23/23_25.png,23,,,,0,False
23/23_26.png,23,,,,0,False
23/23_27.png,23,,,,0,False
23/23_28.png,23,,,,0,False
23/23_29.png,23,,,,0,False
23/23_3.png,23,,,,0,False
23/23_30.png,23,,,,0,False
23/23_31.png,23,,,,0,False
23/23_32.png,23,,,,0,False
23/23_33.png,23,,,,0,False
23/23_34.png,23,,,,0,False
23/23_35.png,23,,,,0,False
23/23_36.png,23,,,,0,False
23/23_37.png,23,,,,0,False
23/23_38.png,23,,,,0,False
23/23_39.png,23,,,,0,False
23/23_4.png,23,,,,0,False
23/23_40.png,23,,,,0,False
23/23_41.png,23,,,,0,False
23/23_42.png,23,,,,0,False
23/23_43.png,23,,,,0,False
23/23_44.png,23,,,,0,False
23/23_45.png,23,,,,0,False
23/23_46.png,23,,,,0,False
23/23_47.png,23,,,,0,False
23/23_48.png,23,,,,0,False
23/23_49.png,23,,,,0,False
23/23_5.png,23,,,,0,False
23/23_50.png,23,,,,0,False
23/23_51.png,23,,,,0,False
23/23_52.png,23,,,,0,False
23/23_53.png,23,,,,0,False
23/23_54.png,23,,,,0,False
23/23_55.png,23,,,,0,False
23/23_56.png,23,,,,0,False
23/23_57.png,23,,,,0,False
23/23_58.png,23,,,,0,False
23/23_59.png,23,,,,0,False
23/23_6.png,23,,,,0,False
23/23_60.png,23,,,,0,False
23/23_61.png,23,,,,0,False
23/23_62.png,23,,,,0,False
23/23_63.png,23,,,,0,False
23/23_64.png,23,,,,0,False
23/23_65.png,23,,,,0,False
23/23_66.png,23,,,,0,False
23/23_67.png,23,,,,0,False
23/23_68.png,23,,,,0,False
23/23_69.png,23,,,,0,False
23/23_7.png,23,,,,0,False
23/23_70.png,23,,,,0,False
23/23_71.png,23,,,,0,False
23/23_72.png,23,,,,0,False
23/23_73.png,23,,,,0,False
23/23_74.png,23,,,,0,False
23/23_75.png,23,,,,0,False
23/23_76.png,23,,,,0,False
23/23_77.png,23,,,,0,False
23/23_78.png,23,,,,0,False
23/23_79.png,23,,,,0,False
23/23_8.png,23,,,,0,False
23/23_80.png,23,,,,0,False
23/23_81.png,23,,,,0,False
23/23_82.png,23,,,,0,False
23/23_83.png,23,,,,0,False
23/23_84.png,23,,,,0,False
23/23_85.png,23,,,,0,False
23/23_86.png,23,,,,0,False
23/23_87.png,23,,,,0,False
23/23_88.png,23,,,,0,False
23/23_89.png,23,,,,0,False
23/23_9.png,23,,,,0,False
23/23_90.png,23,,,,0,False
23/23_91.png,23,,,,0,False
23/23_92.png,23,,,,0,False
23/23_93.png,23,,,,0,False
23/23_94.png,23,,,,0,False
23/23_95.png,23,,,,0,False
23/23_96.png,23,,,,0,False
23/23_97.png,23,,,,0,False
23/23_98.png,23,,,,0,False
23/23_99.png,23,,,,0,False
24/24_0.png,24,,,,0,False
24/24_1.png,24,,,,0,False
24/24_10.png,24,,,,0,False
24/24_100.png,24,,,,0,False
24/24_101.png,24,,,,0,False
24/24_102.png,24,,,,0,False
24/24_103.png,24,,,,0,False
24/24_104.png,24,,,,0,False
24/24_105.png,24,,,,0,False
24/24_106.png,24,,,,0,False
24/24_107.png,24,,,,0,False
24/24_108.png,24,,,,0,False
24/24_109.png,24,,,,0,False
24/24_11.png,24,,,,0,False
24/24_110.png,24,,,,0,False
24/24_111.png,24,,,,0,False
24/24_112.png,24,,,,0,False
24/24_113.png,24,,,,0,False
24/24_114.png,24,,,,0,False
24/24_115.png,24,,,,0,False
24/24_116.png,24,,,,0,False
24/24_117.png,24,,,,0,False
24/24_118.png,24,,,,0,False
24/24_119.png,24,,,,0,False
24/24_12.png,24,,,,0,False
24/24_120.png,24,,,,0,False
24/24_121.png,24,,,,0,False
24/24_122.png,24,,,,0,False
24/24_123.png,24,,,,0,False
24/24_124.png,24,,,,0,False
24/24_125.png,24,,,,0,False
24/24_13.png,24,,,,0,False
24/24_14.png,24,,,,0,False
24/24_15.png,24,,,,0,False
24/24_16.png,24,,,,0,False
24/24_17.png,24,,,,0,False
24/24_18.png,24,,,,0,False
24/24_19.png,24,,,,0,False
24/24_2.png,24,,,,0,False
24/24_20.png,24,,,,0,False
24/24_21.png,24,,,,0,False
24/24_22.png,24,,,,0,False
24/24_23.png,24,,,,0,False
24/24_24.png,24,,,,0,False
24/24_25.png,24,,,,0,False
24/24_26.png,24,,,,0,False
24/24_27.png,24,,,,0,False
24/24_28.png,24,,,,0,False
24/24_29.png,24,,,,0,False
24/24_3.png,24,,,,0,False
24/24_30.png,24,,,,0,False
24/24_31.png,24,,,,0,False
24/24_32.png,24,,,,0,False
24/24_33.png,24,,,,0,False
24/24_34.png,24,,,,0,False
24/24_35.png,24,,,,0,False
24/24_36.png,24,,,,0,False
24/24_37.png,24,,,,0,False
24/24_38.png,24,,,,0,False
24/24_39.png,24,,,,0,False
24/24_4.png,24,,,,0,False
24/24_40.png,24,,,,0,False
24/24_41.png,24,,,,0,False
24/24_42.png,24,,,,0,False
24/24_43.png,24,,,,0,False
24/24_44.png,24,,,,0,False
24/24_45.png,24,,,,0,False
24/24_46.png,24,,,,0,False
24/24_47.png,24,,,,0,False
24/24_48.png,24,,,,0,False
24/24_49.png,24,,,,0,False
24/24_5.png,24,,,,0,False
24/24_50.png,24,,,,0,False
24/24_51.png,24,,,,0,False
24/24_52.png,24,,,,0,False
24/24_53.png,24,,,,0,False
24/24_54.png,24,,,,0,False
24/24_55.png,24,,,,0,False
24/24_56.png,24,,,,0,False
24/24_57.png,24,,,,0,False
24/24_58.png,24,,,,0,False
24/24_59.png,24,,,,0,False
24/24_6.png,24,,,,0,False
24/24_60.png,24,,,,0,False
24/24_61.png,24,,,,0,False
24/24_62.png,24,,,,0,False
24/24_63.png,24,,,,0,False
24/24_64.png,24,,,,0,False
24/24_65.png,24,,,,0,False
24/24_66.png,24,,,,0,False
24/24_67.png,24,,,,0,False
24/24_68.png,24,,,,0,False
24/24_69.png,24,,,,0,False
24/24_7.png,24,,,,0,False
24/24_70.png,24,,,,0,False
24/24_71.png,24,,,,0,False
24/24_72.png,24,,,,0,False
24/24_73.png,24,,,,0,False
24/24_74.png,24,,,,0,False
24/24_75.png,24,,,,0,False
24/24_76.png,24,,,,0,False
24/24_77.png,24,,,,0,False
24/24_78.png,24,,,,0,False
24/24_79.png,24,,,,0,False
24/24_8.png,24,,,,0,False
24/24_80.png,24,,,,0,False
24/24_81.png,24,,,,0,False
24/24_82.png,24,,,,0,False
24/24_83.png,24,,,,0,False
24/24_84.png,24,,,,0,False
24/24_85.png,24,,,,0,False
24/24_86.png,24,,,,0,False
24/24_87.png,24,,,,0,False
24/24_88.png,24,,,,0,False
24/24_89.png,24,,,,0,False
24/24_9.png,24,,,,0,False
24/24_90.png,24,,,,0,False
24/24_91.png,24,,,,0,False
24/24_92.png,24,,,,0,False
24/24_93.png,24,,,,0,False
24/24_94.png,24,,,,0,False
24/24_95.png,24,,,,0,False
24/24_96.png,24,,,,0,False
24/24_97.png,24,,,,0,False
24/24_98.png,24,,,,0,False
24/24_99.png,24,,,,0,False
25/25_0.png,25,,,,0,False
25/25_1.png,25,,,,0,False
25/25_10.png,25,,,,0,False
25/25_100.png,25,,,,0,False
25/25_101.png,25,,,,0,False
25/25_102.png,25,,,,0,False
25/25_103.png,25,,,,0,False
25/25_104.png,25,,,,0,False
25/25_105.png,25,,,,0,False
25/25_106.png,25,,,,0,False
25/25_107.png,25,,,,0,False
25/25_108.png,25,,,,0,False
25/25_109.png,25,,,,0,False
25/25_11.png,25,,,,0,False
25/25_110.png,25,,,,0,False
25/25_111.png,25,,,,0,False
25/25_112.png,25,,,,0,False
25/25_113.png,25,,,,0,False
25/25_114.png,25,,,,0,False
25/25_115.png,25,,,,0,False
25/25_116.png,25,,,,0,False
25/25_117.png,25,,,,0,False
25/25_118.png,25,,,,0,False
25/25_119.png,25,,,,0,False
25/25_12.png,25,,,,0,False
25/25_120.png,25,,,,0,False
25/25_121.png,25,,,,0,False
25/25_122.png,25,,,,0,False
25/25_123.png,25,,,,0,False
25/25_124.png,25,,,,0,False
25/25_125.png,25,,,,0,False
25/25_13.png,25,,,,0,False
25/25_14.png,25,,,,0,False
25/25_15.png,25,,,,0,False
25/25_16.png,25,,,,0,False
25/25_17.png,25,,,,0,False
25/25_18.png,25,,,,0,False
25/25_19.png,25,,,,0,False
25/25_2.png,25,,,,0,False
25/25_20.png,25,,,,0,False
25/25_21.png,25,,,,0,False
25/25_22.png,25,,,,0,False
25/25_23.png,25,,,,0,False
25/25_24.png,25,,,,0,False
25/25_25.png,25,,,,0,False
25/25_26.png,25,,,,0,False
25/25_27.png,25,,,,0,False
25/25_28.png,25,,,,0,False
25/25_29.png,25,,,,0,False
25/25_3.png,25,,,,0,False
25/25_30.png,25,,,,0,False
25/25_31.png,25,,,,0,False
25/25_32.png,25,,,,0,False
25/25_33.png,25,,,,0,False
25/25_34.png,25,,,,0,False
25/25_35.png,25,,,,0,False
25/25_36.png,25,,,,0,False
25/25_37.png,25,,,,0,False
25/25_38.png,25,,,,0,False
25/25_39.png,25,,,,0,False
25/25_4.png,25,,,,0,False
25/25_40.png,25,,,,0,False
25/25_41.png,25,,,,0,False
25/25_42.png,25,,,,0,False
25/25_43.png,25,,,,0,False
25/25_44.png,25,,,,0,False
25/25_45.png,25,,,,0,False
25/25_46.png,25,,,,0,False
25/25_47.png,25,,,,0,False
25/25_48.png,25,,,,0,False
25/25_49.png,25,,,,0,False
25/25_5.png,25,,,,0,False
25/25_50.png,25,,,,0,False
25/25_51.png,25,,,,0,False
25/25_52.png,25,,,,0,False
25/25_53.png,25,,,,0,False
25/25_54.png,25,,,,0,False
25/25_55.png,25,,,,0,False
25/25_56.png,25,,,,0,False
25/25_57.png,25,,,,0,False
25/25_58.png,25,,,,0,False
25/25_59.png,25,,,,0,False
25/25_6.png,25,,,,0,False
25/25_60.png,25,,,,0,False
25/25_61.png,25,,,,0,False
25/25_62.png,25,,,,0,False
25/25_63.png,25,,,,0,False
25/25_64.png,25,,,,0,False
25/25_65.png,25,,,,0,False
25/25_66.png,25,,,,0,False
25/25_67.png,25,,,,0,False
25/25_68.png,25,,,,0,False
25/25_69.png,25,,,,0,False
25/25_7.png,25,,,,0,False
25/25_70.png,25,,,,0,False
25/25_71.png,25,,,,0,False
25/25_72.png,25,,,,0,False
25/25_73.png,25,,,,0,False
25/25_74.png,25,,,,0,False
25/25_75.png,25,,,,0,False
25/25_76.png,25,,,,0,False
25/25_77.png,25,,,,0,False
25/25_78.png,25,,,,0,False
25/25_79.png,25,,,,0,False
25/25_8.png,25,,,,0,False
25/25_80.png,25,,,,0,False
25/25_81.png,25,,,,0,False
25/25_82.png,25,,,,0,False
25/25_83.png,25,,,,0,False
25/25_84.png,25,,,,0,False
25/25_85.png,25,,,,0,False
25/25_86.png,25,,,,0,False
25/25_87.png,25,,,,0,False
25/25_88.png,25,,,,0,False
25/25_89.png,25,,,,0,False
25/25_9.png,25,,,,0,False
25/25_90.png,25,,,,0,False
25/25_91.png,25,,,,0,False
25/25_92.png,25,,,,0,False
25/25_93.png,25,,,,0,False
25/25_94.png,25,,,,0,False
25/25_95.png,25,,,,0,False
25/25_96.png,25,,,,0,False
25/25_97.png,25,,,,0,False
25/25_98.png,25,,,,0,False
25/25_99.png,25,,,,0,False
26/26_0.png,26,,,,0,False
26/26_1.png,26,,,,0,False
26/26_10.png,26,,,,0,False
26/26_100.png,26,,,,0,False
26/26_101.png,26,,,,0,False
26/26_102.png,26,,,,0,False
26/26_103.png,26,,,,0,False
26/26_104.png,26,,,,0,False
26/26_105.png,26,,,,0,False
26/26_106.png,26,,,,0,False
26/26_107.png,26,,,,0,False
26/26_108.png,26,,,,0,False
26/26_109.png,26,,,,0,False
26/26_11.png,26,,,,0,False
26/26_110.png,26,,,,0,False
26/26_111.png,26,,,,0,False
26/26_112.png,26,,,,0,False
26/26_113.png,26,,,,0,False
26/26_114.png,26,,,,0,False
26/26_115.png,26,,,,0,False
26/26_116.png,26,,,,0,False
26/26_117.png,26,,,,0,False
26/26_118.png,26,,,,0,False
26/26_119.png,26,,,,0,False
26/26_12.png,26,,,,0,False
26/26_120.png,26,,,,0,False
26/26_121.png,26,,,,0,False
26/26_122.png,26,,,,0,False
26/26_123.png,26,,,,0,False
26/26_124.png,26,,,,0,False
26/26_125.png,26,,,,0,False
26/26_13.png,26,,,,0,False
26/26_14.png,26,,,,0,False
26/26_15.png,26,,,,0,False
26/26_16.png,26,,,,0,False
26/26_17.png,26,,,,0,False
26/26_18.png,26,,,,0,False
26/26_19.png,26,,,,0,False
26/26_2.png,26,,,,0,False
26/26_20.png,26,,,,0,False
26/26_21.png,26,,,,0,False
26/26_22.png,26,,,,0,False
26/26_23.png,26,,,,0,False
26/26_24.png,26,,,,0,False
26/26_25.png,26,,,,0,False
26/26_26.png,26,,,,0,False
26/26_27.png,26,,,,0,False
26/26_28.png,26,,,,0,False
26/26_29.png,26,,,,0,False
26/26_3.png,26,,,,0,False
26/26_30.png,26,,,,0,False
26/26_31.png,26,,,,0,False
26/26_32.png,26,,,,0,False
26/26_33.png,26,,,,0,False
26/26_34.png,26,,,,0,False
26/26_35.png,26,,,,0,False
26/26_36.png,26,,,,0,False
26/26_37.png,26,,,,0,False
26/26_38.png,26,,,,0,False
26/26_39.png,26,,,,0,False
26/26_4.png,26,,,,0,False
26/26_40.png,26,,,,0,False
26/26_41.png,26,,,,0,False
26/26_42.png,26,,,,0,False
26/26_43.png,26,,,,0,False
26/26_44.png,26,,,,0,False
26/26_45.png,26,,,,0,False
26/26_46.png,26,,,,0,False
26/26_47.png,26,,,,0,False
26/26_48.png,26,,,,0,False
26/26_49.png,26,,,,0,False
26/26_5.png,26,,,,0,False
26/26_50.png,26,,,,0,False
26/26_51.png,26,,,,0,False
26/26_52.png,26,,,,0,False
26/26_53.png,26,,,,0,False
26/26_54.png,26,,,,0,False
26/26_55.png,26,,,,0,False
26/26_56.png,26,,,,0,False
26/26_57.png,26,,,,0,False
26/26_58.png,26,,,,0,False
26/26_59.png,26,,,,0,False
26/26_6.png,26,,,,0,False
26/26_60.png,26,,,,0,False
26/26_61.png,26,,,,0,False
26/26_62.png,26,,,,0,False
26/26_63.png,26,,,,0,False
26/26_64.png,26,,,,0,False
26/26_65.png,26,,,,0,False
26/26_66.png,26,,,,0,False
26/26_67.png,26,,,,0,False
26/26_68.png,26,,,,0,False
26/26_69.png,26,,,,0,False
26/26_7.png,26,,,,0,False
26/26_70.png,26,,,,0,False
26/26_71.png,26,,,,0,False
26/26_72.png,26,,,,0,False
26/26_73.png,26,,,,0,False
26/26_74.png,26,,,,0,False
26/26_75.png,26,,,,0,False
26/26_76.png,26,,,,0,False
26/26_77.png,26,,,,0,False
26/26_78.png,26,,,,0,False
26/26_79.png,26,,,,0,False
26/26_8.png,26,,,,0,False
26/26_80.png,26,,,,0,False
26/26_81.png,26,,,,0,False
26/26_82.png,26,,,,0,False
26/26_83.png,26,,,,0,False
26/26_84.png,26,,,,0,False
26/26_85.png,26,,,,0,False
26/26_86.png,26,,,,0,False
26/26_87.png,26,,,,0,False
26/26_88.png,26,,,,0,False
26/26_89.png,26,,,,0,False
26/26_9.png,26,,,,0,False
26/26_90.png,26,,,,0,False
26/26_91.png,26,,,,0,False
26/26_92.png,26,,,,0,False
26/26_93.png,26,,,,0,False
26/26_94.png,26,,,,0,False
26/26_95.png,26,,,,0,False
26/26_96.png,26,,,,0,False
26/26_97.png,26,,,,0,False
26/26_98.png,26,,,,0,False
26/26_99.png,26,,,,0,False
27/27_0.png,27,,,,0,False
27/27_1.png,27,,,,0,False
27/27_10.png,27,,,,0,False
27/27_100.png,27,,,,0,False
27/27_101.png,27,,,,0,False
27/27_102.png,27,,,,0,False
27/27_103.png,27,,,,0,False
27/27_104.png,27,,,,0,False
27/27_105.png,27,,,,0,False
27/27_106.png,27,,,,0,False
27/27_107.png,27,,,,0,False
27/27_108.png,27,,,,0,False
27/27_109.png,27,,,,0,False
27/27_11.png,27,,,,0,False
27/27_110.png,27,,,,0,False
27/27_111.png,27,,,,0,False
27/27_112.png,27,,,,0,False
27/27_113.png,27,,,,0,False
27/27_114.png,27,,,,0,False
27/27_115.png,27,,,,0,False
27/27_116.png,27,,,,0,False
27/27_117.png,27,,,,0,False
27/27_118.png,27,,,,0,False
27/27_119.png,27,,,,0,False
27/27_12.png,27,,,,0,False
27/27_120.png,27,,,,0,False
27/27_121.png,27,,,,0,False
27/27_122.png,27,,,,0,False
27/27_123.png,27,,,,0,False
27/27_13.png,27,,,,0,False
27/27_14.png,27,,,,0,False
27/27_15.png,27,,,,0,False
27/27_16.png,27,,,,0,False
27/27_17.png,27,,,,0,False
27/27_18.png,27,,,,0,False
27/27_19.png,27,,,,0,False
27/27_2.png,27,,,,0,False
27/27_20.png,27,,,,0,False
27/27_21.png,27,,,,0,False
27/27_22.png,27,,,,0,False
27/27_23.png,27,,,,0,False
27/27_24.png,27,,,,0,False
27/27_25.png,27,,,,0,False
27/27_26.png,27,,,,0,False
27/27_27.png,27,,,,0,False
27/27_28.png,27,,,,0,False
27/27_29.png,27,,,,0,False
27/27_3.png,27,,,,0,False
27/27_30.png,27,,,,0,False
27/27_31.png,27,,,,0,False
27/27_32.png,27,,,,0,False
27/27_33.png,27,,,,0,False
27/27_34.png,27,,,,0,False
27/27_35.png,27,,,,0,False
27/27_36.png,27,,,,0,False
27/27_37.png,27,,,,0,False
27/27_38.png,27,,,,0,False
27/27_39.png,27,,,,0,False
27/27_4.png,27,,,,0,False
27/27_40.png,27,,,,0,False
27/27_41.png,27,,,,0,False
27/27_42.png,27,,,,0,False
27/27_43.png,27,,,,0,False
27/27_44.png,27,,,,0,False
27/27_45.png,27,,,,0,False
27/27_46.png,27,,,,0,False
27/27_47.png,27,,,,0,False
27/27_48.png,27,,,,0,False
27/27_49.png,27,,,,0,False
27/27_5.png,27,,,,0,False
27/27_50.png,27,,,,0,False
27/27_51.png,27,,,,0,False
27/27_52.png,27,,,,0,False
27/27_53.png,27,,,,0,False
27/27_54.png,27,,,,0,False
27/27_55.png,27,,,,0,False
27/27_56.png,27,,,,0,False
27/27_57.png,27,,,,0,False
27/27_58.png,27,,,,0,False
27/27_59.png,27,,,,0,False
27/27_6.png,27,,,,0,False
27/27_60.png,27,,,,0,False
27/27_61.png,27,,,,0,False
27/27_62.png,27,,,,0,False
27/27_63.png,27,,,,0,False
27/27_64.png,27,,,,0,False
27/27_65.png,27,,,,0,False
27/27_66.png,27,,,,0,False
27/27_67.png,27,,,,0,False
27/27_68.png,27,,,,0,False
27/27_69.png,27,,,,0,False
27/27_7.png,27,,,,0,False
27/27_70.png,27,,,,0,False
27/27_71.png,27,,,,0,False
27/27_72.png,27,,,,0,False
27/27_73.png,27,,,,0,False
27/27_74.png,27,,,,0,False
27/27_75.png,27,,,,0,False
27/27_76.png,27,,,,0,False
27/27_77.png,27,,,,0,False
27/27_78.png,27,,,,0,False
27/27_79.png,27,,,,0,False
27/27_8.png,27,,,,0,False
27/27_80.png,27,,,,0,False
27/27_81.png,27,,,,0,False
27/27_82.png,27,,,,0,False
27/27_83.png,27,,,,0,False
27/27_84.png,27,,,,0,False
27/27_85.png,27,,,,0,False
27/27_86.png,27,,,,0,False
27/27_87.png,27,,,,0,False
27/27_88.png,27,,,,0,False
27/27_89.png,27,,,,0,False
27/27_9.png,27,,,,0,False
27/27_90.png,27,,,,0,False
27/27_91.png,27,,,,0,False
27/27_92.png,27,,,,0,False
27/27_93.png,27,,,,0,False
27/27_94.png,27,,,,0,False
27/27_95.png,27,,,,0,False
27/27_96.png,27,,,,0,False
27/27_97.png,27,,,,0,False
27/27_98.png,27,,,,0,False
27/27_99.png,27,,,,0,False
28/28_0.png,28,,,,0,False
28/28_1.png,28,,,,0,False
28/28_10.png,28,,,,0,False
28/28_100.png,28,,,,0,False
28/28_101.png,28,,,,0,False
28/28_102.png,28,,,,0,False
28/28_103.png,28,,,,0,False
28/28_104.png,28,,,,0,False
28/28_105.png,28,,,,0,False
28/28_106.png,28,,,,0,False
28/28_107.png,28,,,,0,False
28/28_108.png,28,,,,0,False
28/28_109.png,28,,,,0,False
28/28_11.png,28,,,,0,False
28/28_110.png,28,,,,0,False
28/28_111.png,28,,,,0,False
28/28_112.png,28,,,,0,False
28/28_113.png,28,,,,0,False
28/28_114.png,28,,,,0,False
28/28_115.png,28,,,,0,False
28/28_116.png,28,,,,0,False
28/28_117.png,28,,,,0,False
28/28_118.png,28,,,,0,False
28/28_119.png,28,,,,0,False
28/28_12.png,28,,,,0,False
28/28_120.png,28,,,,0,False
28/28_121.png,28,,,,0,False
28/28_122.png,28,,,,0,False
28/28_123.png,28,,,,0,False
28/28_124.png,28,,,,0,False
28/28_125.png,28,,,,0,False
28/28_13.png,28,,,,0,False
28/28_14.png,28,,,,0,False
28/28_15.png,28,,,,0,False
28/28_16.png,28,,,,0,False
28/28_17.png,28,,,,0,False
28/28_18.png,28,,,,0,False
28/28_19.png,28,,,,0,False
28/28_2.png,28,,,,0,False
28/28_20.png,28,,,,0,False
28/28_21.png,28,,,,0,False
28/28_22.png,28,,,,0,False
28/28_23.png,28,,,,0,False
28/28_24.png,28,,,,0,False
28/28_25.png,28,,,,0,False
28/28_26.png,28,,,,0,False
28/28_27.png,28,,,,0,False
28/28_28.png,28,,,,0,False
28/28_29.png,28,,,,0,False
28/28_3.png,28,,,,0,False
28/28_30.png,28,,,,0,False
28/28_31.png,28,,,,0,False
28/28_32.png,28,,,,0,False
28/28_33.png,28,,,,0,False
28/28_34.png,28,,,,0,False
28/28_35.png,28,,,,0,False
28/28_36.png,28,,,,0,False
28/28_37.png,28,,,,0,False
28/28_38.png,28,,,,0,False
28/28_39.png,28,,,,0,False
28/28_4.png,28,,,,0,False
28/28_40.png,28,,,,0,False
28/28_41.png,28,,,,0,False
28/28_42.png,28,,,,0,False
28/28_43.png,28,,,,0,False
28/28_44.png,28,,,,0,False
28/28_45.png,28,,,,0,False
28/28_46.png,28,,,,0,False
28/28_47.png,28,,,,0,False
28/28_48.png,28,,,,0,False
28/28_49.png,28,,,,0,False
28/28_5.png,28,,,,0,False
28/28_50.png,28,,,,0,False
28/28_51.png,28,,,,0,False
28/28_52.png,28,,,,0,False
28/28_53.png,28,,,,0,False
28/28_54.png,28,,,,0,False
28/28_55.png,28,,,,0,False
28/28_56.png,28,,,,0,False
28/28_57.png,28,,,,0,False
28/28_58.png,28,,,,0,False
28/28_59.png,28,,,,0,False
28/28_6.png,28,,,,0,False
28/28_60.png,28,,,,0,False
28/28_61.png,28,,,,0,False
28/28_62.png,28,,,,0,False
28/28_63.png,28,,,,0,False
28/28_64.png,28,,,,0,False
28/28_65.png,28,,,,0,False
28/28_66.png,28,,,,0,False
28/28_67.png,28,,,,0,False
28/28_68.png,28,,,,0,False
28/28_69.png,28,,,,0,False
28/28_7.png,28,,,,0,False
28/28_70.png,28,,,,0,False
28/28_71.png,28,,,,0,False
28/28_72.png,28,,,,0,False
28/28_73.png,28,,,,0,False
28/28_74.png,28,,,,0,False
28/28_75.png,28,,,,0,False
28/28_76.png,28,,,,0,False
28/28_77.png,28,,,,0,False
28/28_78.png,28,,,,0,False
28/28_79.png,28,,,,0,False
28/28_8.png,28,,,,0,False
28/28_80.png,28,,,,0,False
28/28_81.png,28,,,,0,False
28/28_82.png,28,,,,0,False
28/28_83.png,28,,,,0,False
28/28_84.png,28,,,,0,False
28/28_85.png,28,,,,0,False
28/28_86.png,28,,,,0,False
28/28_87.png,28,,,,0,False
28/28_88.png,28,,,,0,False
28/28_89.png,28,,,,0,False
28/28_9.png,28,,,,0,False
28/28_90.png,28,,,,0,False
28/28_91.png,28,,,,0,False
28/28_92.png,28,,,,0,False
28/28_93.png,28,,,,0,False
28/28_94.png,28,,,,0,False
28/28_95.png,28,,,,0,False
28/28_96.png,28,,,,0,False
28/28_97.png,28,,,,0,False
28/28_98.png,28,,,,0,False
28/28_99.png,28,,,,0,False
29/29_0.png,29,,,,0,False
29/29_1.png,29,,,,0,False
29/29_10.png,29,,,,0,False
29/29_11.png,29,,,,0,False
29/29_12.png,29,,,,0,False
29/29_13.png,29,,,,0,False
29/29_14.png,29,,,,0,False
29/29_15.png,29,,,,0,False
29/29_16.png,29,,,,0,False
29/29_17.png,29,,,,0,False
29/29_18.png,29,,,,0,False
29/29_19.png,29,,,,0,False
29/29_2.png,29,,,,0,False
29/29_3.png,29,,,,0,False
29/29_4.png,29,,,,0,False
29/29_5.png,29,,,,0,False
29/29_6.png,29,,,,0,False
29/29_7.png,29,,,,0,False
29/29_8.png,29,,,,0,False
29/29_9.png,29,,,,0,False
30/30_0.png,30,,,,0,False
30/30_1.png,30,,,,0,False
30/30_10.png,30,,,,0,False
30/30_11.png,30,,,,0,False
30/30_12.png,30,,,,0,False
30/30_13.png,30,,,,0,False
30/30_14.png,30,,,,0,False
30/30_15.png,30,,,,0,False
30/30_16.png,30,,,,0,False
30/30_17.png,30,,,,0,False
30/30_18.png,30,,,,0,False
30/30_19.png,30,,,,0,False
30/30_2.png,30,,,,0,False
30/30_3.png,30,,,,0,False
30/30_4.png,30,,,,0,False
30/30_5.png,30,,,,0,False
30/30_6.png,30,,,,0,False
30/30_7.png,30,,,,0,False
30/30_8.png,30,,,,0,False
30/30_9.png,30,,,,0,False
31/31_0.png,31,,,,0,False
31/31_1.png,31,,,,0,False
31/31_10.png,31,,,,0,False
31/31_11.png,31,,,,0,False
31/31_12.png,31,,,,0,False
31/31_13.png,31,,,,0,False
31/31_14.png,31,,,,0,False
31/31_15.png,31,,,,0,False
31/31_16.png,31,,,,0,False
31/31_17.png,31,,,,0,False
31/31_18.png,31,,,,0,False
31/31_19.png,31,,,,0,False
31/31_2.png,31,,,,0,False
31/31_3.png,31,,,,0,False
31/31_4.png,31,,,,0,False
31/31_5.png,31,,,,0,False
31/31_6.png,31,,,,0,False
31/31_7.png,31,,,,0,False
31/31_8.png,31,,,,0,False
31/31_9.png,31,,,,0,False
32/32_0.png,32,,,,0,False
32/32_1.png,32,,,,0,False
32/32_10.png,32,,,,0,False
32/32_11.png,32,,,,0,False
32/32_12.png,32,,,,0,False
32/32_13.png,32,,,,0,False
32/32_14.png,32,,,,0,False
32/32_15.png,32,,,,0,False
32/32_16.png,32,,,,0,False
32/32_17.png,32,,,,0,False
32/32_18.png,32,,,,0,False
32/32_19.png,32,,,,0,False
32/32_2.png,32,,,,0,False
32/32_3.png,32,,,,0,False
32/32_4.png,32,,,,0,False
32/32_5.png,32,,,,0,False
32/32_6.png,32,,,,0,False
32/32_7.png,32,,,,0,False
32/32_8.png,32,,,,0,False
32/32_9.png,32,,,,0,False
33/33_0.png,33,,,,0,False
33/33_1.png,33,,,,0,False
33/33_10.png,33,,,,0,False
33/33_11.png,33,,,,0,False
33/33_12.png,33,,,,0,False
33/33_13.png,33,,,,0,False
33/33_14.png,33,,,,0,False
33/33_15.png,33,,,,0,False
33/33_16.png,33,,,,0,False
33/33_17.png,33,,,,0,False
33/33_18.png,33,,,,0,False
33/33_19.png,33,,,,0,False
33/33_2.png,33,,,,0,False
33/33_3.png,33,,,,0,False
33/33_4.png,33,,,,0,False
33/33_5.png,33,,,,0,False
33/33_6.png,33,,,,0,False
33/33_7.png,33,,,,0,False
33/33_8.png,33,,,,0,False
33/33_9.png,33,,,,0,False
34/34_0.png,34,,,,0,False
34/34_1.png,34,,,,0,False
34/34_10.png,34,,,,0,False
34/34_11.png,34,,,,0,False
34/34_12.png,34,,,,0,False
34/34_13.png,34,,,,0,False
34/34_14.png,34,,,,0,False
34/34_15.png,34,,,,0,False
34/34_16.png,34,,,,0,False
34/34_17.png,34,,,,0,False
34/34_18.png,34,,,,0,False
34/34_19.png,34,,,,0,False
34/34_2.png,34,,,,0,False
34/34_3.png,34,,,,0,False
34/34_4.png,34,,,,0,False
34/34_5.png,34,,,,0,False
34/34_6.png,34,,,,0,False
34/34_7.png,34,,,,0,False
34/34_8.png,34,,,,0,False
34/34_9.png,34,,,,0,False
35/35_0.png,35,,,,0,False
35/35_1.png,35,,,,0,False
35/35_10.png,35,,,,0,False
35/35_11.png,35,,,,0,False
35/35_12.png,35,,,,0,False
35/35_13.png,35,,,,0,False
35/35_14.png,35,,,,0,False
35/35_15.png,35,,,,0,False
35/35_16.png,35,,,,0,False
35/35_17.png,35,,,,0,False
35/35_18.png,35,,,,0,False
35/35_19.png,35,,,,0,False
35/35_2.png,35,,,,0,False
35/35_3.png,35,,,,0,False
35/35_4.png,35,,,,0,False
35/35_5.png,35,,,,0,False
35/35_6.png,35,,,,0,False
35/35_7.png,35,,,,0,False
35/35_8.png,35,,,,0,False
35/35_9.png,35,,,,0,False
36/36_0.png,36,,,,0,False
36/36_1.png,36,,,,0,False
36/36_10.png,36,,,,0,False
36/36_11.png,36,,,,0,False
36/36_12.png,36,,,,0,False
36/36_13.png,36,,,,0,False
36/36_14.png,36,,,,0,False
36/36_15.png,36,,,,0,False
36/36_16.png,36,,,,0,False
36/36_17.png,36,,,,0,False
36/36_18.png,36,,,,0,False
36/36_19.png,36,,,,0,False
36/36_2.png,36,,,,0,False
36/36_3.png,36,,,,0,False
36/36_4.png,36,,,,0,False
36/36_5.png,36,,,,0,False
36/36_6.png,36,,,,0,False
36/36_7.png,36,,,,0,False
36/36_8.png,36,,,,0,False
36/36_9.png,36,,,,0,False
37/37_0.png,37,,,,0,False
37/37_1.png,37,,,,0,False
37/37_10.png,37,,,,0,False
37/37_11.png,37,,,,0,False
37/37_12.png,37,,,,0,False
37/37_13.png,37,,,,0,False
37/37_14.png,37,,,,0,False
37/37_15.png,37,,,,0,False
37/37_16.png,37,,,,0,False
37/37_17.png,37,,,,0,False
37/37_18.png,37,,,,0,False
37/37_19.png,37,,,,0,False
37/37_2.png,37,,,,0,False
37/37_3.png,37,,,,0,False
37/37_4.png,37,,,,0,False
37/37_5.png,37,,,,0,False
37/37_6.png,37,,,,0,False
37/37_7.png,37,,,,0,False
37/37_8.png,37,,,,0,False
37/37_9.png,37,,,,0,False
38/38_0.png,38,,,,0,False
38/38_1.png,38,,,,0,False
38/38_10.png,38,,,,0,False
38/38_11.png,38,,,,0,False
38/38_12.png,38,,,,0,False
38/38_13.png,38,,,,0,False
38/38_14.png,38,,,,0,False
38/38_15.png,38,,,,0,False
38/38_16.png,38,,,,0,False
38/38_17.png,38,,,,0,False
38/38_18.png,38,,,,0,False
38/38_19.png,38,,,,0,False
38/38_2.png,38,,,,0,False
38/38_3.png,38,,,,0,False
38/38_4.png,38,,,,0,False
38/38_5.png,38,,,,0,False
38/38_6.png,38,,,,0,False
38/38_7.png,38,,,,0,False
38/38_8.png,38,,,,0,False
38/38_9.png,38,,,,0,False
39/39_0.png,39,,,,0,False
39/39_1.png,39,,,,0,False
39/39_10.png,39,,,,0,False
39/39_11.png,39,,,,0,False
39/39_12.png,39,,,,0,False
39/39_13.png,39,,,,0,False
39/39_14.png,39,,,,0,False
39/39_15.png,39,,,,0,False
39/39_16.png,39,,,,0,False
39/39_17.png,39,,,,0,False
39/39_18.png,39,,,,0,False
39/39_19.png,39,,,,0,False
39/39_2.png,39,,,,0,False
39/39_3.png,39,,,,0,False
39/39_4.png,39,,,,0,False
39/39_5.png,39,,,,0,False
39/39_6.png,39,,,,0,False
39/39_7.png,39,,,,0,False
39/39_8.png,39,,,,0,False
39/39_9.png,39,,,,0,False
40/40_0.png,40,,,,0,False
40/40_1.png,40,,,,0,False
40/40_10.png,40,,,,0,False
40/40_11.png,40,,,,0,False
40/40_12.png,40,,,,0,False
40/40_13.png,40,,,,0,False
40/40_14.png,40,,,,0,False
40/40_15.png,40,,,,0,False
40/40_16.png,40,,,,0,False
40/40_17.png,40,,,,0,False
40/40_18.png,40,,,,0,False
40/40_19.png,40,,,,0,False
40/40_2.png,40,,,,0,False
40/40_3.png,40,,,,0,False
40/40_4.png,40,,,,0,False
40/40_5.png,40,,,,0,False
40/40_6.png,40,,,,0,False
40/40_7.png,40,,,,0,False
40/40_8.png,40,,,,0,False
40/40_9.png,40,,,,0,False
41/41_0.png,41,,,,0,False
41/41_1.png,41,,,,0,False
41/41_10.png,41,,,,0,False
41/41_11.png,41,,,,0,False
41/41_12.png,41,,,,0,False
41/41_13.png,41,,,,0,False
41/41_14.png,41,,,,0,False
41/41_15.png,41,,,,0,False
41/41_16.png,41,,,,0,False
41/41_17.png,41,,,,0,False
41/41_18.png,41,,,,0,False
41/41_19.png,41,,,,0,False
41/41_2.png,41,,,,0,False
41/41_3.png,41,,,,0,False
41/41_4.png,41,,,,0,False
41/41_5.png,41,,,,0,False
41/41_6.png,41,,,,0,False
41/41_7.png,41,,,,0,False
41/41_8.png,41,,,,0,False
41/41_9.png,41,,,,0,False
42/42_0.png,42,,,,0,False
42/42_1.png,42,,,,0,False
42/42_10.png,42,,,,0,False
42/42_11.png,42,,,,0,False
42/42_12.png,42,,,,0,False
42/42_13.png,42,,,,0,False
42/42_14.png,42,,,,0,False
42/42_15.png,42,,,,0,False
42/42_16.png,42,,,,0,False
42/42_17.png,42,,,,0,False
42/42_18.png,42,,,,0,False
42/42_19.png,42,,,,0,False
42/42_2.png,42,,,,0,False
42/42_3.png,42,,,,0,False
42/42_4.png,42,,,,0,False
42/42_5.png,42,,,,0,False
42/42_6.png,42,,,,0,False
42/42_7.png,42,,,,0,False
42/42_8.png,42,,,,0,False
42/42_9.png,42,,,,0,False
43/43_0.png,43,,,,0,False
43/43_1.png,43,,,,0,False
43/43_10.png,43,,,,0,False
43/43_11.png,43,,,,0,False
43/43_12.png,43,,,,0,False
43/43_13.png,43,,,,0,False
43/43_14.png,43,,,,0,False
43/43_15.png,43,,,,0,False
43/43_16.png,43,,,,0,False
43/43_17.png,43,,,,0,False
43/43_18.png,43,,,,0,False
43/43_19.png,43,,,,0,False
43/43_2.png,43,,,,0,False
43/43_3.png,43,,,,0,False
43/43_4.png,43,,,,0,False
43/43_5.png,43,,,,0,False
43/43_6.png,43,,,,0,False
43/43_7.png,43,,,,0,False
43/43_8.png,43,,,,0,False
43/43_9.png,43,,,,0,False
44/44_0.png,44,,,,0,False
44/44_1.png,44,,,,0,False
44/44_10.png,44,,,,0,False
44/44_11.png,44,,,,0,False
44/44_12.png,44,,,,0,False
44/44_13.png,44,,,,0,False
44/44_14.png,44,,,,0,False
44/44_15.png,44,,,,0,False
44/44_16.png,44,,,,0,False
44/44_17.png,44,,,,0,False
44/44_18.png,44,,,,0,False
44/44_19.png,44,,,,0,False
44/44_2.png,44,,,,0,False
44/44_3.png,44,,,,0,False
44/44_4.png,44,,,,0,False
44/44_5.png,44,,,,0,False
44/44_6.png,44,,,,0,False
44/44_7.png,44,,,,0,False
44/44_8.png,44,,,,0,False
44/44_9.png,44,,,,0,False
45/45_0.png,45,,,,0,False
45/45_1.png,45,,,,0,False
45/45_10.png,45,,,,0,False
45/45_11.png,45,,,,0,False
45/45_12.png,45,,,,0,False
45/45_13.png,45,,,,0,False
45/45_14.png,45,,,,0,False
45/45_15.png,45,,,,0,False
45/45_16.png,45,,,,0,False
45/45_17.png,45,,,,0,False
45/45_18.png,45,,,,0,False
45/45_19.png,45,,,,0,False
45/45_2.png,45,,,,0,False
45/45_3.png,45,,,,0,False
45/45_4.png,45,,,,0,False
45/45_5.png,45,,,,0,False
45/45_6.png,45,,,,0,False
45/45_7.png,45,,,,0,False
45/45_8.png,45,,,,0,False
45/45_9.png,45,,,,0,False
46/46_0.png,46,,,,0,False
46/46_1.png,46,,,,0,False
46/46_10.png,46,,,,0,False
46/46_11.png,46,,,,0,False
46/46_12.png,46,,,,0,False
46/46_13.png,46,,,,0,False
46/46_14.png,46,,,,0,False
46/46_15.png,46,,,,0,False
46/46_16.png,46,,,,0,False
46/46_17.png,46,,,,0,False
46/46_18.png,46,,,,0,False
46/46_19.png,46,,,,0,False
46/46_2.png,46,,,,0,False
46/46_3.png,46,,,,0,False
46/46_4.png,46,,,,0,False
46/46_5.png,46,,,,0,False
46/46_6.png,46,,,,0,False
46/46_7.png,46,,,,0,False
46/46_8.png,46,,,,0,False
46/46_9.png,46,,,,0,False
47/47_0.png,47,,,,0,False
47/47_1.png,47,,,,0,False
47/47_10.png,47,,,,0,False
47/47_11.png,47,,,,0,False
47/47_12.png,47,,,,0,False
47/47_13.png,47,,,,0,False
47/47_14.png,47,,,,0,False
47/47_15.png,47,,,,0,False
47/47_16.png,47,,,,0,False
47/47_17.png,47,,,,0,False
47/47_18.png,47,,,,0,False
47/47_19.png,47,,,,0,False
47/47_2.png,47,,,,0,False
47/47_3.png,47,,,,0,False
47/47_4.png,47,,,,0,False
47/47_5.png,47,,,,0,False
47/47_6.png,47,,,,0,False
47/47_7.png,47,,,,0,False
47/47_8.png,47,,,,0,False
47/47_9.png,47,,,,0,False
48/48_0.png,48,,,,0,False
48/48_1.png,48,,,,0,False
48/48_10.png,48,,,,0,False
48/48_11.png,48,,,,0,False
48/48_12.png,48,,,,0,False
48/48_13.png,48,,,,0,False
48/48_14.png,48,,,,0,False
48/48_15.png,48,,,,0,False
48/48_16.png,48,,,,0,False
48/48_17.png,48,,,,0,False
48/48_18.png,48,,,,0,False
48/48_19.png,48,,,,0,False
48/48_2.png,48,,,,0,False
48/48_3.png,48,,,,0,False
48/48_4.png,48,,,,0,False
48/48_5.png,48,,,,0,False
48/48_6.png,48,,,,0,False
48/48_7.png,48,,,,0,False
48/48_8.png,48,,,,0,False
48/48_9.png,48,,,,0,False
49/49_0.png,49,,,,0,False
49/49_1.png,49,,,,0,False
49/49_10.png,49,,,,0,False
49/49_11.png,49,,,,0,False
49/49_12.png,49,,,,0,False
49/49_13.png,49,,,,0,False
49/49_14.png,49,,,,0,False
49/49_15.png,49,,,,0,False
49/49_16.png,49,,,,0,False
49/49_17.png,49,,,,0,False
49/49_18.png,49,,,,0,False
49/49_19.png,49,,,,0,False
49/49_2.png,49,,,,0,False
49/49_3.png,49,,,,0,False
49/49_4.png,49,,,,0,False
49/49_5.png,49,,,,0,False
49/49_6.png,49,,,,0,False
49/49_7.png,49,,,,0,False
49/49_8.png,49,,,,0,False
49/49_9.png,49,,,,0,False
50/50_0.png,50,,,,0,False
50/50_1.png,50,,,,0,False
50/50_10.png,50,,,,0,False
50/50_11.png,50,,,,0,False
50/50_12.png,50,,,,0,False
50/50_13.png,50,,,,0,False
50/50_14.png,50,,,,0,False
50/50_15.png,50,,,,0,False
50/50_16.png,50,,,,0,False
50/50_17.png,50,,,,0,False
50/50_18.png,50,,,,0,False
50/50_19.png,50,,,,0,False
50/50_2.png,50,,,,0,False
50/50_3.png,50,,,,0,False
50/50_4.png,50,,,,0,False
50/50_5.png,50,,,,0,False
50/50_6.png,50,,,,0,False
50/50_7.png,50,,,,0,False
50/50_8.png,50,,,,0,False
50/50_9.png,50,,,,0,False
51/51_0.png,51,,,,0,False
51/51_1.png,51,,,,0,False
51/51_10.png,51,,,,0,False
51/51_11.png,51,,,,0,False
51/51_12.png,51,,,,0,False
51/51_13.png,51,,,,0,False
51/51_14.png,51,,,,0,False
51/51_15.png,51,,,,0,False
51/51_16.png,51,,,,0,False
51/51_17.png,51,,,,0,False
51/51_18.png,51,,,,0,False
51/51_19.png,51,,,,0,False
51/51_2.png,51,,,,0,False
51/51_3.png,51,,,,0,False
51/51_4.png,51,,,,0,False
51/51_5.png,51,,,,0,False
51/51_6.png,51,,,,0,False
51/51_7.png,51,,,,0,False
51/51_8.png,51,,,,0,False
51/51_9.png,51,,,,0,False
52/52_0.png,52,,,,0,False
52/52_1.png,52,,,,0,False
52/52_10.png,52,,,,0,False
52/52_11.png,52,,,,0,False
52/52_12.png,52,,,,0,False
52/52_13.png,52,,,,0,False
52/52_14.png,52,,,,0,False
52/52_15.png,52,,,,0,False
52/52_16.png,52,,,,0,False
52/52_17.png,52,,,,0,False
52/52_18.png,52,,,,0,False
52/52_19.png,52,,,,0,False
52/52_2.png,52,,,,0,False
52/52_3.png,52,,,,0,False
52/52_4.png,52,,,,0,False
52/52_5.png,52,,,,0,False
52/52_6.png,52,,,,0,False
52/52_7.png,52,,,,0,False
52/52_8.png,52,,,,0,False
52/52_9.png,52,,,,0,False
53/53_0.png,53,,,,0,False
53/53_1.png,53,,,,0,False
53/53_10.png,53,,,,0,False
53/53_11.png,53,,,,0,False
53/53_12.png,53,,,,0,False
53/53_13.png,53,,,,0,False
53/53_14.png,53,,,,0,False
53/53_15.png,53,,,,0,False
53/53_16.png,53,,,,0,False
53/53_17.png,53,,,,0,False
53/53_18.png,53,,,,0,False
53/53_19.png,53,,,,0,False
53/53_2.png,53,,,,0,False
53/53_3.png,53,,,,0,False
53/53_4.png,53,,,,0,False
53/53_5.png,53,,,,0,False
53/53_6.png,53,,,,0,False
53/53_7.png,53,,,,0,False
53/53_8.png,53,,,,0,False
53/53_9.png,53,,,,0,False
54/54_0.png,54,,,,0,False
54/54_1.png,54,,,,0,False
54/54_10.png,54,,,,0,False
54/54_11.png,54,,,,0,False
54/54_12.png,54,,,,0,False
54/54_13.png,54,,,,0,False
54/54_14.png,54,,,,0,False
54/54_15.png,54,,,,0,False
54/54_16.png,54,,,,0,False
54/54_17.png,54,,,,0,False
54/54_18.png,54,,,,0,False
54/54_19.png,54,,,,0,False
54/54_2.png,54,,,,0,False
54/54_3.png,54,,,,0,False
54/54_4.png,54,,,,0,False
54/54_5.png,54,,,,0,False
54/54_6.png,54,,,,0,False
54/54_7.png,54,,,,0,False
54/54_8.png,54,,,,0,False
54/54_9.png,54,,,,0,False
55/55_0.png,55,,,,0,False
55/55_1.png,55,,,,0,False
55/55_10.png,55,,,,0,False
55/55_11.png,55,,,,0,False
55/55_12.png,55,,,,0,False
55/55_13.png,55,,,,0,False
55/55_14.png,55,,,,0,False
55/55_15.png,55,,,,0,False
55/55_16.png,55,,,,0,False
55/55_17.png,55,,,,0,False
55/55_18.png,55,,,,0,False
55/55_19.png,55,,,,0,False
55/55_2.png,55,,,,0,False
55/55_3.png,55,,,,0,False
55/55_4.png,55,,,,0,False
55/55_5.png,55,,,,0,False
55/55_6.png,55,,,,0,False
55/55_7.png,55,,,,0,False
55/55_8.png,55,,,,0,False
55/55_9.png,55,,,,0,False
56/56_0.png,56,,,,0,False
56/56_1.png,56,,,,0,False
56/56_10.png,56,,,,0,False
56/56_11.png,56,,,,0,False
56/56_12.png,56,,,,0,False
56/56_13.png,56,,,,0,False
56/56_14.png,56,,,,0,False
56/56_15.png,56,,,,0,False
56/56_16.png,56,,,,0,False
56/56_17.png,56,,,,0,False
56/56_18.png,56,,,,0,False
56/56_19.png,56,,,,0,False
56/56_2.png,56,,,,0,False
56/56_3.png,56,,,,0,False
56/56_4.png,56,,,,0,False
56/56_5.png,56,,,,0,False
56/56_6.png,56,,,,0,False
56/56_7.png,56,,,,0,False
56/56_8.png,56,,,,0,False
56/56_9.png,56,,,,0,False
57/57_0.png,57,,,,0,False
57/57_1.png,57,,,,0,False
57/57_10.png,57,,,,0,False
57/57_11.png,57,,,,0,False
57/57_12.png,57,,,,0,False
57/57_13.png,57,,,,0,False
57/57_14.png,57,,,,0,False
57/57_15.png,57,,,,0,False
57/57_16.png,57,,,,0,False
57/57_17.png,57,,,,0,False
57/57_18.png,57,,,,0,False
57/57_19.png,57,,,,0,False
57/57_2.png,57,,,,0,False
57/57_3.png,57,,,,0,False
57/57_4.png,57,,,,0,False
57/57_5.png,57,,,,0,False
57/57_6.png,57,,,,0,False
57/57_7.png,57,,,,0,False
57/57_8.png,57,,,,0,False
57/57_9.png,57,,,,0,False
58/58_0.png,58,,,,0,False
58/58_1.png,58,,,,0,False
58/58_10.png,58,,,,0,False
58/58_11.png,58,,,,0,False
58/58_12.png,58,,,,0,False
58/58_13.png,58,,,,0,False
58/58_14.png,58,,,,0,False
58/58_15.png,58,,,,0,False
58/58_16.png,58,,,,0,False
58/58_17.png,58,,,,0,False
58/58_18.png,58,,,,0,False
58/58_19.png,58,,,,0,False
58/58_2.png,58,,,,0,False
58/58_3.png,58,,,,0,False
58/58_4.png,58,,,,0,False
58/58_5.png,58,,,,0,False
58/58_6.png,58,,,,0,False
58/58_7.png,58,,,,0,False
58/58_8.png,58,,,,0,False
58/58_9.png,58,,,,0,False
59/59_0.png,59,,,,0,False
59/59_1.png,59,,,,0,False
59/59_10.png,59,,,,0,False
59/59_11.png,59,,,,0,False
59/59_12.png,59,,,,0,False
59/59_13.png,59,,,,0,False
59/59_14.png,59,,,,0,False
59/59_15.png,59,,,,0,False
59/59_16.png,59,,,,0,False
59/59_17.png,59,,,,0,False
59/59_18.png,59,,,,0,False
59/59_19.png,59,,,,0,False
59/59_2.png,59,,,,0,False
59/59_3.png,59,,,,0,False
59/59_4.png,59,,,,0,False
59/59_5.png,59,,,,0,False
59/59_6.png,59,,,,0,False
59/59_7.png,59,,,,0,False
59/59_8.png,59,,,,0,False
59/59_9.png,59,,,,0,False
60/60_0.png,60,,,,0,False
60/60_1.png,60,,,,0,False
60/60_10.png,60,,,,0,False
60/60_11.png,60,,,,0,False
60/60_12.png,60,,,,0,False
60/60_13.png,60,,,,0,False
60/60_14.png,60,,,,0,False
60/60_15.png,60,,,,0,False
60/60_16.png,60,,,,0,False
60/60_17.png,60,,,,0,False
60/60_18.png,60,,,,0,False
60/60_19.png,60,,,,0,False
60/60_2.png,60,,,,0,False
60/60_3.png,60,,,,0,False
60/60_4.png,60,,,,0,False
60/60_5.png,60,,,,0,False
60/60_6.png,60,,,,0,False
60/60_7.png,60,,,,0,False
60/60_8.png,60,,,,0,False
60/60_9.png,60,,,,0,False
61/61_0.png,61,,,,0,False
61/61_1.png,61,,,,0,False
61/61_10.png,61,,,,0,False
61/61_11.png,61,,,,0,False
61/61_12.png,61,,,,0,False
61/61_13.png,61,,,,0,False
61/61_14.png,61,,,,0,False
61/61_15.png,61,,,,0,False
61/61_16.png,61,,,,0,False
61/61_17.png,61,,,,0,False
61/61_18.png,61,,,,0,False
61/61_19.png,61,,,,0,False
61/61_2.png,61,,,,0,False
61/61_3.png,61,,,,0,False
61/61_4.png,61,,,,0,False
61/61_5.png,61,,,,0,False
61/61_6.png,61,,,,0,False
61/61_7.png,61,,,,0,False
61/61_8.png,61,,,,0,False
61/61_9.png,61,,,,0,False
62/62_0.png,62,,,,0,False
62/62_1.png,62,,,,0,False
62/62_10.png,62,,,,0,False
62/62_11.png,62,,,,0,False
62/62_12.png,62,,,,0,False
62/62_13.png,62,,,,0,False
62/62_14.png,62,,,,0,False
62/62_15.png,62,,,,0,False
62/62_16.png,62,,,,0,False
62/62_17.png,62,,,,0,False
62/62_18.png,62,,,,0,False
62/62_19.png,62,,,,0,False
62/62_2.png,62,,,,0,False
62/62_3.png,62,,,,0,False
62/62_4.png,62,,,,0,False
62/62_5.png,62,,,,0,False
62/62_6.png,62,,,,0,False
62/62_7.png,62,,,,0,False
62/62_8.png,62,,,,0,False
62/62_9.png,62,,,,0,False
63/63_0.png,63,,,,0,False
63/63_1.png,63,,,,0,False
63/63_10.png,63,,,,0,False
63/63_11.png,63,,,,0,False
63/63_12.png,63,,,,0,False
63/63_13.png,63,,,,0,False
63/63_14.png,63,,,,0,False
63/63_15.png,63,,,,0,False
63/63_16.png,63,,,,0,False
63/63_17.png,63,,,,0,False
63/63_18.png,63,,,,0,False
63/63_19.png,63,,,,0,False
63/63_2.png,63,,,,0,False
63/63_3.png,63,,,,0,False
63/63_4.png,63,,,,0,False
63/63_5.png,63,,,,0,False
63/63_6.png,63,,,,0,False
63/63_7.png,63,,,,0,False
63/63_8.png,63,,,,0,False
63/63_9.png,63,,,,0,False
64/64_0.png,64,,,,0,False
64/64_1.png,64,,,,0,False
64/64_10.png,64,,,,0,False
64/64_11.png,64,,,,0,False
64/64_12.png,64,,,,0,False
64/64_13.png,64,,,,0,False
64/64_14.png,64,,,,0,False
64/64_15.png,64,,,,0,False
64/64_16.png,64,,,,0,False
64/64_17.png,64,,,,0,False
64/64_18.png,64,,,,0,False
64/64_19.png,64,,,,0,False
64/64_2.png,64,,,,0,False
64/64_3.png,64,,,,0,False
64/64_4.png,64,,,,0,False
64/64_5.png,64,,,,0,False
64/64_6.png,64,,,,0,False
64/64_7.png,64,,,,0,False
64/64_8.png,64,,,,0,False
64/64_9.png,64,,,,0,False
65/65_0.png,65,,,,0,False
65/65_1.png,65,,,,0,False
65/65_10.png,65,,,,0,False
65/65_11.png,65,,,,0,False
65/65_12.png,65,,,,0,False
65/65_13.png,65,,,,0,False
65/65_14.png,65,,,,0,False
65/65_15.png,65,,,,0,False
65/65_16.png,65,,,,0,False
65/65_17.png,65,,,,0,False
65/65_18.png,65,,,,0,False
65/65_19.png,65,,,,0,False
65/65_2.png,65,,,,0,False
65/65_3.png,65,,,,0,False
65/65_4.png,65,,,,0,False
65/65_5.png,65,,,,0,False
65/65_6.png,65,,,,0,False
65/65_7.png,65,,,,0,False
65/65_8.png,65,,,,0,False
65/65_9.png,65,,,,0,False
66/66_0.png,66,,,,0,False
66/66_1.png,66,,,,0,False
66/66_10.png,66,,,,0,False
66/66_11.png,66,,,,0,False
66/66_12.png,66,,,,0,False
66/66_13.png,66,,,,0,False
66/66_14.png,66,,,,0,False
66/66_15.png,66,,,,0,False
66/66_16.png,66,,,,0,False
66/66_17.png,66,,,,0,False
66/66_18.png,66,,,,0,False
66/66_19.png,66,,,,0,False
66/66_2.png,66,,,,0,False
66/66_3.png,66,,,,0,False
66/66_4.png,66,,,,0,False
66/66_5.png,66,,,,0,False
66/66_6.png,66,,,,0,False
66/66_7.png,66,,,,0,False
66/66_8.png,66,,,,0,False
66/66_9.png,66,,,,0,False
67/67_0.png,67,,,,0,False
67/67_1.png,67,,,,0,False
67/67_10.png,67,,,,0,False
67/67_11.png,67,,,,0,False
67/67_12.png,67,,,,0,False
67/67_13.png,67,,,,0,False
67/67_14.png,67,,,,0,False
67/67_15.png,67,,,,0,False
67/67_16.png,67,,,,0,False
67/67_17.png,67,,,,0,False
67/67_18.png,67,,,,0,False
67/67_19.png,67,,,,0,False
67/67_2.png,67,,,,0,False
67/67_3.png,67,,,,0,False
67/67_4.png,67,,,,0,False
67/67_5.png,67,,,,0,False
67/67_6.png,67,,,,0,False
67/67_7.png,67,,,,0,False
67/67_8.png,67,,,,0,False
67/67_9.png,67,,,,0,False
68/68_0.png,68,,,,0,False
68/68_1.png,68,,,,0,False
68/68_10.png,68,,,,0,False
68/68_11.png,68,,,,0,False
68/68_12.png,68,,,,0,False
68/68_13.png,68,,,,0,False
68/68_14.png,68,,,,0,False
68/68_15.png,68,,,,0,False
68/68_16.png,68,,,,0,False
68/68_17.png,68,,,,0,False
68/68_18.png,68,,,,0,False
68/68_19.png,68,,,,0,False
68/68_2.png,68,,,,0,False
68/68_3.png,68,,,,0,False
68/68_4.png,68,,,,0,False
68/68_5.png,68,,,,0,False
68/68_6.png,68,,,,0,False
68/68_7.png,68,,,,0,False
68/68_8.png,68,,,,0,False
68/68_9.png,68,,,,0,False
69/69_0.png,69,,,,0,False
69/69_1.png,69,,,,0,False
69/69_10.png,69,,,,0,False
69/69_11.png,69,,,,0,False
69/69_12.png,69,,,,0,False
69/69_13.png,69,,,,0,False
69/69_14.png,69,,,,0,False
69/69_15.png,69,,,,0,False
69/69_16.png,69,,,,0,False
69/69_17.png,69,,,,0,False
69/69_18.png,69,,,,0,False
69/69_19.png,69,,,,0,False
69/69_2.png,69,,,,0,False
69/69_3.png,69,,,,0,False
69/69_4.png,69,,,,0,False
69/69_5.png,69,,,,0,False
69/69_6.png,69,,,,0,False
69/69_7.png,69,,,,0,False
69/69_8.png,69,,,,0,False
69/69_9.png,69,,,,0,False
70/70_0.png,70,,,,0,False
70/70_1.png,70,,,,0,False
70/70_10.png,70,,,,0,False
70/70_11.png,70,,,,0,False
70/70_12.png,70,,,,0,False
70/70_13.png,70,,,,0,False
70/70_14.png,70,,,,0,False
70/70_15.png,70,,,,0,False
70/70_16.png,70,,,,0,False
70/70_17.png,70,,,,0,False
70/70_18.png,70,,,,0,False
70/70_19.png,70,,,,0,False
70/70_2.png,70,,,,0,False
70/70_3.png,70,,,,0,False
70/70_4.png,70,,,,0,False
70/70_5.png,70,,,,0,False
70/70_6.png,70,,,,0,False
70/70_7.png,70,,,,0,False
70/70_8.png,70,,,,0,False
70/70_9.png,70,,,,0,False
71/71_0.png,71,,,,0,False
71/71_1.png,71,,,,0,False
71/71_10.png,71,,,,0,False
71/71_11.png,71,,,,0,False
71/71_12.png,71,,,,0,False
71/71_13.png,71,,,,0,False
71/71_14.png,71,,,,0,False
71/71_15.png,71,,,,0,False
71/71_16.png,71,,,,0,False
71/71_17.png,71,,,,0,False
71/71_18.png,71,,,,0,False
71/71_19.png,71,,,,0,False
71/71_2.png,71,,,,0,False
71/71_3.png,71,,,,0,False
71/71_4.png,71,,,,0,False
71/71_5.png,71,,,,0,False
71/71_6.png,71,,,,0,False
71/71_7.png,71,,,,0,False
71/71_8.png,71,,,,0,False
71/71_9.png,71,,,,0,False
72/72_0.png,72,,,,0,False
72/72_1.png,72,,,,0,False
72/72_10.png,72,,,,0,False
72/72_11.png,72,,,,0,False
72/72_12.png,72,,,,0,False
72/72_13.png,72,,,,0,False
72/72_14.png,72,,,,0,False
72/72_15.png,72,,,,0,False
72/72_16.png,72,,,,0,False
72/72_17.png,72,,,,0,False
72/72_18.png,72,,,,0,False
72/72_19.png,72,,,,0,False
72/72_2.png,72,,,,0,False
72/72_3.png,72,,,,0,False
72/72_4.png,72,,,,0,False
72/72_5.png,72,,,,0,False
72/72_6.png,72,,,,0,False
72/72_7.png,72,,,,0,False
72/72_8.png,72,,,,0,False
72/72_9.png,72,,,,0,False
73/73_0.png,73,,,,0,False
73/73_1.png,73,,,,0,False
73/73_10.png,73,,,,0,False
73/73_11.png,73,,,,0,False
73/73_12.png,73,,,,0,False
73/73_13.png,73,,,,0,False
73/73_14.png,73,,,,0,False
73/73_15.png,73,,,,0,False
73/73_16.png,73,,,,0,False
73/73_17.png,73,,,,0,False
73/73_18.png,73,,,,0,False
73/73_19.png,73,,,,0,False
73/73_2.png,73,,,,0,False
73/73_3.png,73,,,,0,False
73/73_4.png,73,,,,0,False
73/73_5.png,73,,,,0,False
73/73_6.png,73,,,,0,False
73/73_7.png,73,,,,0,False
73/73_8.png,73,,,,0,False
73/73_9.png,73,,,,0,False
74/74_0.png,74,,,,0,False
74/74_1.png,74,,,,0,False
74/74_10.png,74,,,,0,False
74/74_11.png,74,,,,0,False
74/74_12.png,74,,,,0,False
74/74_13.png,74,,,,0,False
74/74_14.png,74,,,,0,False
74/74_15.png,74,,,,0,False
74/74_16.png,74,,,,0,False
74/74_17.png,74,,,,0,False
74/74_18.png,74,,,,0,False
74/74_19.png,74,,,,0,False
74/74_2.png,74,,,,0,False
74/74_3.png,74,,,,0,False
74/74_4.png,74,,,,0,False
74/74_5.png,74,,,,0,False
74/74_6.png,74,,,,0,False
74/74_7.png,74,,,,0,False
74/74_8.png,74,,,,0,False
74/74_9.png,74,,,,0,False
75/75_0.png,75,,,,0,False
75/75_1.png,75,,,,0,False
75/75_10.png,75,,,,0,False
75/75_11.png,75,,,,0,False
75/75_12.png,75,,,,0,False
75/75_13.png,75,,,,0,False
75/75_14.png,75,,,,0,False
75/75_15.png,75,,,,0,False
75/75_16.png,75,,,,0,False
75/75_17.png,75,,,,0,False
75/75_18.png,75,,,,0,False
75/75_19.png,75,,,,0,False
75/75_2.png,75,,,,0,False
75/75_3.png,75,,,,0,False
75/75_4.png,75,,,,0,False
75/75_5.png,75,,,,0,False
75/75_6.png,75,,,,0,False
75/75_7.png,75,,,,0,False
75/75_8.png,75,,,,0,False
75/75_9.png,75,,,,0,False
76/76_0.png,76,,,,0,False
76/76_1.png,76,,,,0,False
76/76_10.png,76,,,,0,False
76/76_11.png,76,,,,0,False
76/76_12.png,76,,,,0,False
76/76_13.png,76,,,,0,False
76/76_14.png,76,,,,0,False
76/76_15.png,76,,,,0,False
76/76_16.png,76,,,,0,False
76/76_17.png,76,,,,0,False
76/76_18.png,76,,,,0,False
76/76_19.png,76,,,,0,False
76/76_2.png,76,,,,0,False
76/76_3.png,76,,,,0,False
76/76_4.png,76,,,,0,False
76/76_5.png,76,,,,0,False
76/76_6.png,76,,,,0,False
76/76_7.png,76,,,,0,False
76/76_8.png,76,,,,0,False
76/76_9.png,76,,,,0,False
77/77_0.png,77,,,,0,False
77/77_1.png,77,,,,0,False
77/77_10.png,77,,,,0,False
77/77_11.png,77,,,,0,False
77/77_12.png,77,,,,0,False
77/77_13.png,77,,,,0,False
77/77_14.png,77,,,,0,False
77/77_15.png,77,,,,0,False
77/77_16.png,77,,,,0,False
77/77_17.png,77,,,,0,False
77/77_18.png,77,,,,0,False
77/77_19.png,77,,,,0,False
77/77_2.png,77,,,,0,False
77/77_3.png,77,,,,0,False
77/77_4.png,77,,,,0,False
77/77_5.png,77,,,,0,False
77/77_6.png,77,,,,0,False
77/77_7.png,77,,,,0,False
77/77_8.png,77,,,,0,False
77/77_9.png,77,,,,0,False
78/78_0.png,78,,,,0,False
78/78_1.png,78,,,,0,False
78/78_10.png,78,,,,0,False
78/78_11.png,78,,,,0,False
78/78_12.png,78,,,,0,False
78/78_13.png,78,,,,0,False
78/78_14.png,78,,,,0,False
78/78_15.png,78,,,,0,False
78/78_16.png,78,,,,0,False
78/78_17.png,78,,,,0,False
78/78_18.png,78,,,,0,False
78/78_19.png,78,,,,0,False
78/78_2.png,78,,,,0,False
78/78_3.png,78,,,,0,False
78/78_4.png,78,,,,0,False
78/78_5.png,78,,,,0,False
78/78_6.png,78,,,,0,False
78/78_7.png,78,,,,0,False
78/78_8.png,78,,,,0,False
78/78_9.png,78,,,,0,False
79/79_0.png,79,,,,0,False
79/79_1.png,79,,,,0,False
79/79_10.png,79,,,,0,False
79/79_11.png,79,,,,0,False
79/79_12.png,79,,,,0,False
79/79_13.png,79,,,,0,False
79/79_14.png,79,,,,0,False
79/79_15.png,79,,,,0,False
79/79_16.png,79,,,,0,False
79/79_17.png,79,,,,0,False
79/79_18.png,79,,,,0,False
79/79_19.png,79,,,,0,False
79/79_2.png,79,,,,0,False
79/79_3.png,79,,,,0,False
79/79_4.png,79,,,,0,False
79/79_5.png,79,,,,0,False
79/79_6.png,79,,,,0,False
79/79_7.png,79,,,,0,False
79/79_8.png,79,,,,0,False
79/79_9.png,79,,,,0,False
80/80_0.png,80,,,,0,False
80/80_1.png,80,,,,0,False
80/80_10.png,80,,,,0,False
80/80_11.png,80,,,,0,False
80/80_12.png,80,,,,0,False
80/80_13.png,80,,,,0,False
80/80_14.png,80,,,,0,False
80/80_15.png,80,,,,0,False
80/80_16.png,80,,,,0,False
80/80_17.png,80,,,,0,False
80/80_18.png,80,,,,0,False
80/80_19.png,80,,,,0,False
80/80_2.png,80,,,,0,False
80/80_3.png,80,,,,0,False
80/80_4.png,80,,,,0,False
80/80_5.png,80,,,,0,False
80/80_6.png,80,,,,0,False
80/80_7.png,80,,,,0,False
80/80_8.png,80,,,,0,False
80/80_9.png,80,,,,0,False
81/81_0.png,81,,,,0,False
81/81_1.png,81,,,,0,False
81/81_10.png,81,,,,0,False
81/81_11.png,81,,,,0,False
81/81_12.png,81,,,,0,False
81/81_13.png,81,,,,0,False
81/81_14.png,81,,,,0,False
81/81_15.png,81,,,,0,False
81/81_16.png,81,,,,0,False
81/81_17.png,81,,,,0,False
81/81_18.png,81,,,,0,False
81/81_19.png,81,,,,0,False
81/81_2.png,81,,,,0,False
81/81_3.png,81,,,,0,False
81/81_4.png,81,,,,0,False
81/81_5.png,81,,,,0,False
81/81_6.png,81,,,,0,False
81/81_7.png,81,,,,0,False
81/81_8.png,81,,,,0,False
81/81_9.png,81,,,,0,False
82/82_0.png,82,,,,0,False
82/82_1.png,82,,,,0,False
82/82_10.png,82,,,,0,False
82/82_11.png,82,,,,0,False
82/82_12.png,82,,,,0,False
82/82_13.png,82,,,,0,False
82/82_14.png,82,,,,0,False
82/82_15.png,82,,,,0,False
82/82_16.png,82,,,,0,False
82/82_17.png,82,,,,0,False
82/82_18.png,82,,,,0,False
82/82_19.png,82,,,,0,False
82/82_2.png,82,,,,0,False
82/82_3.png,82,,,,0,False
82/82_4.png,82,,,,0,False
82/82_5.png,82,,,,0,False
82/82_6.png,82,,,,0,False
82/82_7.png,82,,,,0,False
82/82_8.png,82,,,,0,False
82/82_9.png,82,,,,0,False
83/83_0.png,83,,,,0,False
83/83_1.png,83,,,,0,False
83/83_10.png,83,,,,0,False
83/83_11.png,83,,,,0,False
83/83_12.png,83,,,,0,False
83/83_13.png,83,,,,0,False
83/83_14.png,83,,,,0,False
83/83_15.png,83,,,,0,False
83/83_16.png,83,,,,0,False
83/83_17.png,83,,,,0,False
83/83_18.png,83,,,,0,False
83/83_19.png,83,,,,0,False
83/83_2.png,83,,,,0,False
83/83_3.png,83,,,,0,False
83/83_4.png,83,,,,0,False
83/83_5.png,83,,,,0,False
83/83_6.png,83,,,,0,False
83/83_7.png,83,,,,0,False
83/83_8.png,83,,,,0,False
83/83_9.png,83,,,,0,False
84/84_0.png,84,,,,0,False
84/84_1.png,84,,,,0,False
84/84_10.png,84,,,,0,False
84/84_11.png,84,,,,0,False
84/84_12.png,84,,,,0,False
84/84_13.png,84,,,,0,False
84/84_14.png,84,,,,0,False
84/84_15.png,84,,,,0,False
84/84_16.png,84,,,,0,False
84/84_17.png,84,,,,0,False
84/84_18.png,84,,,,0,False
84/84_19.png,84,,,,0,False
84/84_2.png,84,,,,0,False
84/84_3.png,84,,,,0,False
84/84_4.png,84,,,,0,False
84/84_5.png,84,,,,0,False
84/84_6.png,84,,,,0,False
84/84_7.png,84,,,,0,False
84/84_8.png,84,,,,0,False
84/84_9.png,84,,,,0,False
85/85_0.png,85,,,,0,False
85/85_1.png,85,,,,0,False
85/85_10.png,85,,,,0,False
85/85_11.png,85,,,,0,False
85/85_12.png,85,,,,0,False
85/85_13.png,85,,,,0,False
85/85_14.png,85,,,,0,False
85/85_15.png,85,,,,0,False
85/85_16.png,85,,,,0,False
85/85_17.png,85,,,,0,False
85/85_18.png,85,,,,0,False
85/85_19.png,85,,,,0,False
85/85_2.png,85,,,,0,False
85/85_3.png,85,,,,0,False
85/85_4.png,85,,,,0,False
85/85_5.png,85,,,,0,False
85/85_6.png,85,,,,0,False
85/85_7.png,85,,,,0,False
85/85_8.png,85,,,,0,False
85/85_9.png,85,,,,0,False
86/86_0.png,86,,,,0,False
86/86_1.png,86,,,,0,False
86/86_10.png,86,,,,0,False
86/86_11.png,86,,,,0,False
86/86_12.png,86,,,,0,False
86/86_13.png,86,,,,0,False
86/86_14.png,86,,,,0,False
86/86_15.png,86,,,,0,False
86/86_16.png,86,,,,0,False
86/86_17.png,86,,,,0,False
86/86_18.png,86,,,,0,False
86/86_19.png,86,,,,0,False
86/86_2.png,86,,,,0,False
86/86_3.png,86,,,,0,False
86/86_4.png,86,,,,0,False
86/86_5.png,86,,,,0,False
86/86_6.png,86,,,,0,False
86/86_7.png,86,,,,0,False
86/86_8.png,86,,,,0,False
86/86_9.png,86,,,,0,False
87/87_0.png,87,,,,0,False
87/87_1.png,87,,,,0,False
87/87_10.png,87,,,,0,False
87/87_11.png,87,,,,0,False
87/87_12.png,87,,,,0,False
87/87_13.png,87,,,,0,False
87/87_14.png,87,,,,0,False
87/87_15.png,87,,,,0,False
87/87_16.png,87,,,,0,False
87/87_17.png,87,,,,0,False
87/87_18.png,87,,,,0,False
87/87_19.png,87,,,,0,False
87/87_2.png,87,,,,0,False
87/87_3.png,87,,,,0,False
87/87_4.png,87,,,,0,False
87/87_5.png,87,,,,0,False
87/87_6.png,87,,,,0,False
87/87_7.png,87,,,,0,False
87/87_8.png,87,,,,0,False
87/87_9.png,87,,,,0,False
88/88_0.png,88,,,,0,False
88/88_1.png,88,,,,0,False
88/88_10.png,88,,,,0,False
88/88_11.png,88,,,,0,False
88/88_12.png,88,,,,0,False
88/88_13.png,88,,,,0,False
88/88_14.png,88,,,,0,False
88/88_15.png,88,,,,0,False
88/88_16.png,88,,,,0,False
88/88_17.png,88,,,,0,False
88/88_18.png,88,,,,0,False
88/88_19.png,88,,,,0,False
88/88_2.png,88,,,,0,False
88/88_3.png,88,,,,0,False
88/88_4.png,88,,,,0,False
88/88_5.png,88,,,,0,False
88/88_6.png,88,,,,0,False
88/88_7.png,88,,,,0,False
88/88_8.png,88,,,,0,False
88/88_9.png,88,,,,0,False
89/89_0.png,89,,,,0,False
89/89_1.png,89,,,,0,False
89/89_10.png,89,,,,0,False
89/89_11.png,89,,,,0,False
89/89_12.png,89,,,,0,False
89/89_13.png,89,,,,0,False
89/89_14.png,89,,,,0,False
89/89_15.png,89,,,,0,False
89/89_16.png,89,,,,0,False
89/89_17.png,89,,,,0,False
89/89_18.png,89,,,,0,False
89/89_19.png,89,,,,0,False
89/89_2.png,89,,,,0,False
89/89_3.png,89,,,,0,False
89/89_4.png,89,,,,0,False
89/89_5.png,89,,,,0,False
89/89_6.png,89,,,,0,False
89/89_7.png,89,,,,0,False
89/89_8.png,89,,,,0,False
89/89_9.png,89,,,,0,False
90/90_0.png,90,,,,0,False
90/90_1.png,90,,,,0,False
90/90_10.png,90,,,,0,False
90/90_11.png,90,,,,0,False
90/90_12.png,90,,,,0,False
90/90_13.png,90,,,,0,False
90/90_14.png,90,,,,0,False
90/90_15.png,90,,,,0,False
90/90_16.png,90,,,,0,False
90/90_17.png,90,,,,0,False
90/90_18.png,90,,,,0,False
90/90_19.png,90,,,,0,False
90/90_2.png,90,,,,0,False
90/90_3.png,90,,,,0,False
90/90_4.png,90,,,,0,False
90/90_5.png,90,,,,0,False
90/90_6.png,90,,,,0,False
90/90_7.png,90,,,,0,False
90/90_8.png,90,,,,0,False
90/90_9.png,90,,,,0,False
91/91_0.png,91,,,,0,False
91/91_1.png,91,,,,0,False
91/91_10.png,91,,,,0,False
91/91_11.png,91,,,,0,False
91/91_12.png,91,,,,0,False
91/91_13.png,91,,,,0,False
91/91_14.png,91,,,,0,False
91/91_15.png,91,,,,0,False
91/91_16.png,91,,,,0,False
91/91_17.png,91,,,,0,False
91/91_18.png,91,,,,0,False
91/91_19.png,91,,,,0,False
91/91_2.png,91,,,,0,False
91/91_3.png,91,,,,0,False
91/91_4.png,91,,,,0,False
91/91_5.png,91,,,,0,False
91/91_6.png,91,,,,0,False
91/91_7.png,91,,,,0,False
91/91_8.png,91,,,,0,False
91/91_9.png,91,,,,0,False
92/92_0.png,92,,,,0,False
92/92_1.png,92,,,,0,False
92/92_10.png,92,,,,0,False
92/92_11.png,92,,,,0,False
92/92_12.png,92,,,,0,False
92/92_13.png,92,,,,0,False
92/92_14.png,92,,,,0,False
92/92_15.png,92,,,,0,False
92/92_16.png,92,,,,0,False
92/92_17.png,92,,,,0,False
92/92_18.png,92,,,,0,False
92/92_19.png,92,,,,0,False
92/92_2.png,92,,,,0,False
92/92_3.png,92,,,,0,False
92/92_4.png,92,,,,0,False
92/92_5.png,92,,,,0,False
92/92_6.png,92,,,,0,False
92/92_7.png,92,,,,0,False
92/92_8.png,92,,,,0,False
92/92_9.png,92,,,,0,False
93/93_0.png,93,,,,0,False
93/93_1.png,93,,,,0,False
93/93_10.png,93,,,,0,False
93/93_11.png,93,,,,0,False
93/93_12.png,93,,,,0,False
93/93_13.png,93,,,,0,False
93/93_14.png,93,,,,0,False
93/93_15.png,93,,,,0,False
93/93_16.png,93,,,,0,False
93/93_17.png,93,,,,0,False
93/93_18.png,93,,,,0,False
93/93_19.png,93,,,,0,False
93/93_2.png,93,,,,0,False
93/93_3.png,93,,,,0,False
93/93_4.png,93,,,,0,False
93/93_5.png,93,,,,0,False
93/93_6.png,93,,,,0,False
93/93_7.png,93,,,,0,False
93/93_8.png,93,,,,0,False
93/93_9.png,93,,,,0,False
94/94_0.png,94,,,,0,False
94/94_1.png,94,,,,0,False
94/94_10.png,94,,,,0,False
94/94_11.png,94,,,,0,False
94/94_12.png,94,,,,0,False
94/94_13.png,94,,,,0,False
94/94_14.png,94,,,,0,False
94/94_15.png,94,,,,0,False
94/94_16.png,94,,,,0,False
94/94_17.png,94,,,,0,False
94/94_18.png,94,,,,0,False
94/94_19.png,94,,,,0,False
94/94_2.png,94,,,,0,False
94/94_3.png,94,,,,0,False
94/94_4.png,94,,,,0,False
94/94_5.png,94,,,,0,False
94/94_6.png,94,,,,0,False
94/94_7.png,94,,,,0,False
94/94_8.png,94,,,,0,False
94/94_9.png,94,,,,0,False
95/95_0.png,95,,,,0,False
95/95_1.png,95,,,,0,False
95/95_10.png,95,,,,0,False
95/95_11.png,95,,,,0,False
95/95_12.png,95,,,,0,False
95/95_13.png,95,,,,0,False
95/95_14.png,95,,,,0,False
95/95_15.png,95,,,,0,False
95/95_16.png,95,,,,0,False
95/95_17.png,95,,,,0,False
95/95_18.png,95,,,,0,False
95/95_19.png,95,,,,0,False
95/95_2.png,95,,,,0,False
95/95_3.png,95,,,,0,False
95/95_4.png,95,,,,0,False
95/95_5.png,95,,,,0,False
95/95_6.png,95,,,,0,False
95/95_7.png,95,,,,0,False
95/95_8.png,95,,,,0,False
95/95_9.png,95,,,,0,False
96/96_0.png,96,,,,0,False
96/96_1.png,96,,,,0,False
96/96_10.png,96,,,,0,False
96/96_11.png,96,,,,0,False
96/96_12.png,96,,,,0,False
96/96_13.png,96,,,,0,False
96/96_14.png,96,,,,0,False
96/96_15.png,96,,,,0,False
96/96_16.png,96,,,,0,False
96/96_17.png,96,,,,0,False
96/96_18.png,96,,,,0,False
96/96_19.png,96,,,,0,False
96/96_2.png,96,,,,0,False
96/96_3.png,96,,,,0,False
96/96_4.png,96,,,,0,False
96/96_5.png,96,,,,0,False
96/96_6.png,96,,,,0,False
96/96_7.png,96,,,,0,False
96/96_8.png,96,,,,0,False
96/96_9.png,96,,,,0,False
97/97_0.png,97,,,,0,False
97/97_1.png,97,,,,0,False
97/97_10.png,97,,,,0,False
97/97_11.png,97,,,,0,False
97/97_12.png,97,,,,0,False
97/97_13.png,97,,,,0,False
97/97_14.png,97,,,,0,False
97/97_15.png,97,,,,0,False
97/97_16.png,97,,,,0,False
97/97_17.png,97,,,,0,False
97/97_18.png,97,,,,0,False
97/97_19.png,97,,,,0,False
97/97_2.png,97,,,,0,False
97/97_3.png,97,,,,0,False
97/97_4.png,97,,,,0,False
97/97_5.png,97,,,,0,False
97/97_6.png,97,,,,0,False
97/97_7.png,97,,,,0,False
97/97_8.png,97,,,,0,False
97/97_9.png,97,,,,0,False
98/98_0.png,98,,,,0,False
98/98_1.png,98,,,,0,False
98/98_10.png,98,,,,0,False
98/98_11.png,98,,,,0,False
98/98_12.png,98,,,,0,False
98/98_13.png,98,,,,0,False
98/98_14.png,98,,,,0,False
98/98_15.png,98,,,,0,False
98/98_16.png,98,,,,0,False
98/98_17.png,98,,,,0,False
98/98_18.png,98,,,,0,False
98/98_19.png,98,,,,0,False
98/98_2.png,98,,,,0,False
98/98_3.png,98,,,,0,False
98/98_4.png,98,,,,0,False
98/98_5.png,98,,,,0,False
98/98_6.png,98,,,,0,False
98/98_7.png,98,,,,0,False
98/98_8.png,98,,,,0,False
98/98_9.png,98,,,,0,False
99/99_0.png,99,,,,0,False
99/99_1.png,99,,,,0,False
99/99_10.png,99,,,,0,False
99/99_11.png,99,,,,0,False
99/99_12.png,99,,,,0,False
99/99_13.png,99,,,,0,False
99/99_14.png,99,,,,0,False
99/99_15.png,99,,,,0,False
99/99_16.png,99,,,,0,False
99/99_17.png,99,,,,0,False
99/99_18.png,99,,,,0,False
99/99_19.png,99,,,,0,False
99/99_2.png,99,,,,0,False
99/99_3.png,99,,,,0,False
99/99_4.png,99,,,,0,False
99/99_5.png,99,,,,0,False
99/99_6.png,99,,,,0,False
99/99_7.png,99,,,,0,False
99/99_8.png,99,,,,0,False
99/99_9.png,99,,,,0,False
100/100_0.png,100,,,,0,False
100/100_1.png,100,,,,0,False
100/100_10.png,100,,,,0,False
100/100_11.png,100,,,,0,False
100/100_12.png,100,,,,0,False
100/100_13.png,100,,,,0,False
100/100_14.png,100,,,,0,False
100/100_15.png,100,,,,0,False
100/100_16.png,100,,,,0,False
100/100_17.png,100,,,,0,False
100/100_18.png,100,,,,0,False
100/100_19.png,100,,,,0,False
100/100_2.png,100,,,,0,False
100/100_3.png,100,,,,0,False
100/100_4.png,100,,,,0,False
100/100_5.png,100,,,,0,False
100/100_6.png,100,,,,0,False
100/100_7.png,100,,,,0,False
100/100_8.png,100,,,,0,False
100/100_9.png,100,,,,0,False
101/101_0.png,101,,,,0,False
101/101_1.png,101,,,,0,False
101/101_10.png,101,,,,0,False
101/101_11.png,101,,,,0,False
101/101_12.png,101,,,,0,False
101/101_13.png,101,,,,0,False
101/101_14.png,101,,,,0,False
101/101_15.png,101,,,,0,False
101/101_16.png,101,,,,0,False
101/101_17.png,101,,,,0,False
101/101_18.png,101,,,,0,False
101/101_19.png,101,,,,0,False
101/101_2.png,101,,,,0,False
101/101_3.png,101,,,,0,False
101/101_4.png,101,,,,0,False
101/101_5.png,101,,,,0,False
101/101_6.png,101,,,,0,False
101/101_7.png,101,,,,0,False
101/101_8.png,101,,,,0,False
101/101_9.png,101,,,,0,False
102/102_0.png,102,,,,0,False
102/102_1.png,102,,,,0,False
102/102_10.png,102,,,,0,False
102/102_11.png,102,,,,0,False
102/102_12.png,102,,,,0,False
102/102_13.png,102,,,,0,False
102/102_14.png,102,,,,0,False
102/102_15.png,102,,,,0,False
102/102_16.png,102,,,,0,False
102/102_17.png,102,,,,0,False
102/102_18.png,102,,,,0,False
102/102_19.png,102,,,,0,False
102/102_2.png,102,,,,0,False
102/102_3.png,102,,,,0,False
102/102_4.png,102,,,,0,False
102/102_5.png,102,,,,0,False
102/102_6.png,102,,,,0,False
102/102_7.png,102,,,,0,False
102/102_8.png,102,,,,0,False
102/102_9.png,102,,,,0,False
103/103_0.png,103,,,,0,False
103/103_1.png,103,,,,0,False
103/103_10.png,103,,,,0,False
103/103_11.png,103,,,,0,False
103/103_12.png,103,,,,0,False
103/103_13.png,103,,,,0,False
103/103_14.png,103,,,,0,False
103/103_15.png,103,,,,0,False
103/103_16.png,103,,,,0,False
103/103_17.png,103,,,,0,False
103/103_18.png,103,,,,0,False
103/103_19.png,103,,,,0,False
103/103_2.png,103,,,,0,False
103/103_3.png,103,,,,0,False
103/103_4.png,103,,,,0,False
103/103_5.png,103,,,,0,False
103/103_6.png,103,,,,0,False
103/103_7.png,103,,,,0,False
103/103_8.png,103,,,,0,False
103/103_9.png,103,,,,0,False
104/104_0.png,104,,,,0,False
104/104_1.png,104,,,,0,False
104/104_10.png,104,,,,0,False
104/104_11.png,104,,,,0,False
104/104_12.png,104,,,,0,False
104/104_13.png,104,,,,0,False
104/104_14.png,104,,,,0,False
104/104_15.png,104,,,,0,False
104/104_16.png,104,,,,0,False
104/104_17.png,104,,,,0,False
104/104_18.png,104,,,,0,False
104/104_19.png,104,,,,0,False
104/104_2.png,104,,,,0,False
104/104_3.png,104,,,,0,False
104/104_4.png,104,,,,0,False
104/104_5.png,104,,,,0,False
104/104_6.png,104,,,,0,False
104/104_7.png,104,,,,0,False
104/104_8.png,104,,,,0,False
104/104_9.png,104,,,,0,False
105/105_0.png,105,,,,0,False
105/105_1.png,105,,,,0,False
105/105_10.png,105,,,,0,False
105/105_11.png,105,,,,0,False
105/105_12.png,105,,,,0,False
105/105_13.png,105,,,,0,False
105/105_14.png,105,,,,0,False
105/105_15.png,105,,,,0,False
105/105_16.png,105,,,,0,False
105/105_17.png,105,,,,0,False
105/105_18.png,105,,,,0,False
105/105_19.png,105,,,,0,False
105/105_2.png,105,,,,0,False
105/105_3.png,105,,,,0,False
105/105_4.png,105,,,,0,False
105/105_5.png,105,,,,0,False
105/105_6.png,105,,,,0,False
105/105_7.png,105,,,,0,False
105/105_8.png,105,,,,0,False
105/105_9.png,105,,,,0,False
106/106_0.png,106,,,,0,False
106/106_1.png,106,,,,0,False
106/106_10.png,106,,,,0,False
106/106_11.png,106,,,,0,False
106/106_12.png,106,,,,0,False
106/106_13.png,106,,,,0,False
106/106_14.png,106,,,,0,False
106/106_15.png,106,,,,0,False
106/106_16.png,106,,,,0,False
106/106_17.png,106,,,,0,False
106/106_18.png,106,,,,0,False
106/106_19.png,106,,,,0,False
106/106_2.png,106,,,,0,False
106/106_3.png,106,,,,0,False
106/106_4.png,106,,,,0,False
106/106_5.png,106,,,,0,False
106/106_6.png,106,,,,0,False
106/106_7.png,106,,,,0,False
106/106_8.png,106,,,,0,False
106/106_9.png,106,,,,0,False
107/107_0.png,107,,,,0,False
107/107_1.png,107,,,,0,False
107/107_10.png,107,,,,0,False
107/107_11.png,107,,,,0,False
107/107_12.png,107,,,,0,False
107/107_13.png,107,,,,0,False
107/107_14.png,107,,,,0,False
107/107_15.png,107,,,,0,False
107/107_16.png,107,,,,0,False
107/107_17.png,107,,,,0,False
107/107_18.png,107,,,,0,False
107/107_19.png,107,,,,0,False
107/107_2.png,107,,,,0,False
107/107_3.png,107,,,,0,False
107/107_4.png,107,,,,0,False
107/107_5.png,107,,,,0,False
107/107_6.png,107,,,,0,False
107/107_7.png,107,,,,0,False
107/107_8.png,107,,,,0,False
107/107_9.png,107,,,,0,False
108/108_0.png,108,,,,0,False
108/108_1.png,108,,,,0,False
108/108_10.png,108,,,,0,False
108/108_11.png,108,,,,0,False
108/108_12.png,108,,,,0,False
108/108_13.png,108,,,,0,False
108/108_14.png,108,,,,0,False
108/108_15.png,108,,,,0,False
108/108_16.png,108,,,,0,False
108/108_17.png,108,,,,0,False
108/108_18.png,108,,,,0,False
108/108_19.png,108,,,,0,False
108/108_2.png,108,,,,0,False
108/108_3.png,108,,,,0,False
108/108_4.png,108,,,,0,False
108/108_5.png,108,,,,0,False
108/108_6.png,108,,,,0,False
108/108_7.png,108,,,,0,False
108/108_8.png,108,,,,0,False
108/108_9.png,108,,,,0,False
109/109_0.png,109,,,,0,False
109/109_1.png,109,,,,0,False
109/109_10.png,109,,,,0,False
109/109_11.png,109,,,,0,False
109/109_12.png,109,,,,0,False
109/109_13.png,109,,,,0,False
109/109_14.png,109,,,,0,False
109/109_15.png,109,,,,0,False
109/109_16.png,109,,,,0,False
109/109_17.png,109,,,,0,False
109/109_18.png,109,,,,0,False
109/109_19.png,109,,,,0,False
109/109_2.png,109,,,,0,False
109/109_3.png,109,,,,0,False
109/109_4.png,109,,,,0,False
109/109_5.png,109,,,,0,False
109/109_6.png,109,,,,0,False
109/109_7.png,109,,,,0,False
109/109_8.png,109,,,,0,False
109/109_9.png,109,,,,0,False
110/110_0.png,110,,,,0,False
110/110_1.png,110,,,,0,False
110/110_10.png,110,,,,0,False
110/110_11.png,110,,,,0,False
110/110_12.png,110,,,,0,False
110/110_13.png,110,,,,0,False
110/110_14.png,110,,,,0,False
110/110_15.png,110,,,,0,False
110/110_16.png,110,,,,0,False
110/110_17.png,110,,,,0,False
110/110_18.png,110,,,,0,False
110/110_19.png,110,,,,0,False
110/110_2.png,110,,,,0,False
110/110_3.png,110,,,,0,False
110/110_4.png,110,,,,0,False
110/110_5.png,110,,,,0,False
110/110_6.png,110,,,,0,False
110/110_7.png,110,,,,0,False
110/110_8.png,110,,,,0,False
110/110_9.png,110,,,,0,False
111/111_0.png,111,,,,0,False
111/111_1.png,111,,,,0,False
111/111_10.png,111,,,,0,False
111/111_11.png,111,,,,0,False
111/111_12.png,111,,,,0,False
111/111_13.png,111,,,,0,False
111/111_14.png,111,,,,0,False
111/111_15.png,111,,,,0,False
111/111_16.png,111,,,,0,False
111/111_17.png,111,,,,0,False
111/111_18.png,111,,,,0,False
111/111_19.png,111,,,,0,False
111/111_2.png,111,,,,0,False
111/111_3.png,111,,,,0,False
111/111_4.png,111,,,,0,False
111/111_5.png,111,,,,0,False
111/111_6.png,111,,,,0,False
111/111_7.png,111,,,,0,False
111/111_8.png,111,,,,0,False
111/111_9.png,111,,,,0,False
112/112_0.png,112,,,,0,False
112/112_1.png,112,,,,0,False
112/112_10.png,112,,,,0,False
112/112_11.png,112,,,,0,False
112/112_12.png,112,,,,0,False
112/112_13.png,112,,,,0,False
112/112_14.png,112,,,,0,False
112/112_15.png,112,,,,0,False
112/112_16.png,112,,,,0,False
112/112_17.png,112,,,,0,False
112/112_18.png,112,,,,0,False
112/112_19.png,112,,,,0,False
112/112_2.png,112,,,,0,False
112/112_3.png,112,,,,0,False
112/112_4.png,112,,,,0,False
112/112_5.png,112,,,,0,False
112/112_6.png,112,,,,0,False
112/112_7.png,112,,,,0,False
112/112_8.png,112,,,,0,False
112/112_9.png,112,,,,0,False
113/113_0.png,113,,,,0,False
113/113_1.png,113,,,,0,False
113/113_10.png,113,,,,0,False
113/113_11.png,113,,,,0,False
113/113_12.png,113,,,,0,False
113/113_13.png,113,,,,0,False
113/113_14.png,113,,,,0,False
113/113_15.png,113,,,,0,False
113/113_16.png,113,,,,0,False
113/113_17.png,113,,,,0,False
113/113_18.png,113,,,,0,False
113/113_19.png,113,,,,0,False
113/113_2.png,113,,,,0,False
113/113_3.png,113,,,,0,False
113/113_4.png,113,,,,0,False
113/113_5.png,113,,,,0,False
113/113_6.png,113,,,,0,False
113/113_7.png,113,,,,0,False
113/113_8.png,113,,,,0,False
113/113_9.png,113,,,,0,False
114/114_0.png,114,,,,0,False
114/114_1.png,114,,,,0,False
114/114_10.png,114,,,,0,False
114/114_11.png,114,,,,0,False
114/114_12.png,114,,,,0,False
114/114_13.png,114,,,,0,False
114/114_14.png,114,,,,0,False
114/114_15.png,114,,,,0,False
114/114_16.png,114,,,,0,False
114/114_17.png,114,,,,0,False
114/114_18.png,114,,,,0,False
114/114_19.png,114,,,,0,False
114/114_2.png,114,,,,0,False
114/114_3.png,114,,,,0,False
114/114_4.png,114,,,,0,False
114/114_5.png,114,,,,0,False
114/114_6.png,114,,,,0,False
114/114_7.png,114,,,,0,False
114/114_8.png,114,,,,0,False
114/114_9.png,114,,,,0,False
115/115_0.png,115,,,,0,False
115/115_1.png,115,,,,0,False
115/115_10.png,115,,,,0,False
115/115_11.png,115,,,,0,False
115/115_12.png,115,,,,0,False
115/115_13.png,115,,,,0,False
115/115_14.png,115,,,,0,False
115/115_15.png,115,,,,0,False
115/115_16.png,115,,,,0,False
115/115_17.png,115,,,,0,False
115/115_18.png,115,,,,0,False
115/115_19.png,115,,,,0,False
115/115_2.png,115,,,,0,False
115/115_3.png,115,,,,0,False
115/115_4.png,115,,,,0,False
115/115_5.png,115,,,,0,False
115/115_6.png,115,,,,0,False
115/115_7.png,115,,,,0,False
115/115_8.png,115,,,,0,False
115/115_9.png,115,,,,0,False
116/116_0.png,116,,,,0,False
116/116_1.png,116,,,,0,False
116/116_10.png,116,,,,0,False
116/116_11.png,116,,,,0,False
116/116_12.png,116,,,,0,False
116/116_13.png,116,,,,0,False
116/116_14.png,116,,,,0,False
116/116_15.png,116,,,,0,False
116/116_16.png,116,,,,0,False
116/116_17.png,116,,,,0,False
116/116_18.png,116,,,,0,False
116/116_19.png,116,,,,0,False
116/116_2.png,116,,,,0,False
116/116_3.png,116,,,,0,False
116/116_4.png,116,,,,0,False
116/116_5.png,116,,,,0,False
116/116_6.png,116,,,,0,False
116/116_7.png,116,,,,0,False
116/116_8.png,116,,,,0,False
116/116_9.png,116,,,,0,False
117/117_0.png,117,,,,0,False
117/117_1.png,117,,,,0,False
117/117_10.png,117,,,,0,False
117/117_11.png,117,,,,0,False
117/117_12.png,117,,,,0,False
117/117_13.png,117,,,,0,False
117/117_14.png,117,,,,0,False
117/117_15.png,117,,,,0,False
117/117_16.png,117,,,,0,False
117/117_17.png,117,,,,0,False
117/117_18.png,117,,,,0,False
117/117_19.png,117,,,,0,False
117/117_2.png,117,,,,0,False
117/117_3.png,117,,,,0,False
117/117_4.png,117,,,,0,False
117/117_5.png,117,,,,0,False
117/117_6.png,117,,,,0,False
117/117_7.png,117,,,,0,False
117/117_8.png,117,,,,0,False
117/117_9.png,117,,,,0,False
118/118_0.png,118,,,,0,False
118/118_1.png,118,,,,0,False
118/118_10.png,118,,,,0,False
118/118_11.png,118,,,,0,False
118/118_12.png,118,,,,0,False
118/118_13.png,118,,,,0,False
118/118_14.png,118,,,,0,False
118/118_15.png,118,,,,0,False
118/118_16.png,118,,,,0,False
118/118_17.png,118,,,,0,False
118/118_18.png,118,,,,0,False
118/118_19.png,118,,,,0,False
118/118_2.png,118,,,,0,False
118/118_3.png,118,,,,0,False
118/118_4.png,118,,,,0,False
118/118_5.png,118,,,,0,False
118/118_6.png,118,,,,0,False
118/118_7.png,118,,,,0,False
118/118_8.png,118,,,,0,False
118/118_9.png,118,,,,0,False
119/119_0.png,119,,,,0,False
119/119_1.png,119,,,,0,False
119/119_10.png,119,,,,0,False
119/119_11.png,119,,,,0,False
119/119_12.png,119,,,,0,False
119/119_13.png,119,,,,0,False
119/119_14.png,119,,,,0,False
119/119_15.png,119,,,,0,False
119/119_16.png,119,,,,0,False
119/119_17.png,119,,,,0,False
119/119_18.png,119,,,,0,False
119/119_19.png,119,,,,0,False
119/119_2.png,119,,,,0,False
119/119_3.png,119,,,,0,False
119/119_4.png,119,,,,0,False
119/119_5.png,119,,,,0,False
119/119_6.png,119,,,,0,False
119/119_7.png,119,,,,0,False
119/119_8.png,119,,,,0,False
119/119_9.png,119,,,,0,False
120/120_0.png,120,,,,0,False
120/120_1.png,120,,,,0,False
120/120_10.png,120,,,,0,False
120/120_11.png,120,,,,0,False
120/120_12.png,120,,,,0,False
120/120_13.png,120,,,,0,False
120/120_14.png,120,,,,0,False
120/120_15.png,120,,,,0,False
120/120_16.png,120,,,,0,False
120/120_17.png,120,,,,0,False
120/120_18.png,120,,,,0,False
120/120_19.png,120,,,,0,False
120/120_2.png,120,,,,0,False
120/120_3.png,120,,,,0,False
120/120_4.png,120,,,,0,False
120/120_5.png,120,,,,0,False
120/120_6.png,120,,,,0,False
120/120_7.png,120,,,,0,False
120/120_8.png,120,,,,0,False
120/120_9.png,120,,,,0,False
121/121_0.png,121,,,,0,False
121/121_1.png,121,,,,0,False
121/121_10.png,121,,,,0,False
121/121_11.png,121,,,,0,False
121/121_12.png,121,,,,0,False
121/121_13.png,121,,,,0,False
121/121_14.png,121,,,,0,False
121/121_15.png,121,,,,0,False
121/121_16.png,121,,,,0,False
121/121_17.png,121,,,,0,False
121/121_18.png,121,,,,0,False
121/121_19.png,121,,,,0,False
121/121_2.png,121,,,,0,False
121/121_3.png,121,,,,0,False
121/121_4.png,121,,,,0,False
121/121_5.png,121,,,,0,False
121/121_6.png,121,,,,0,False
121/121_7.png,121,,,,0,False
121/121_8.png,121,,,,0,False
121/121_9.png,121,,,,0,False
122/122_0.png,122,,,,0,False
122/122_1.png,122,,,,0,False
122/122_10.png,122,,,,0,False
122/122_11.png,122,,,,0,False
122/122_12.png,122,,,,0,False
122/122_13.png,122,,,,0,False
122/122_14.png,122,,,,0,False
122/122_15.png,122,,,,0,False
122/122_16.png,122,,,,0,False
122/122_17.png,122,,,,0,False
122/122_18.png,122,,,,0,False
122/122_19.png,122,,,,0,False
122/122_2.png,122,,,,0,False
122/122_3.png,122,,,,0,False
122/122_4.png,122,,,,0,False
122/122_5.png,122,,,,0,False
122/122_6.png,122,,,,0,False
122/122_7.png,122,,,,0,False
122/122_8.png,122,,,,0,False
122/122_9.png,122,,,,0,False
123/123_0.png,123,,,,0,False
123/123_1.png,123,,,,0,False
123/123_10.png,123,,,,0,False
123/123_11.png,123,,,,0,False
123/123_12.png,123,,,,0,False
123/123_13.png,123,,,,0,False
123/123_14.png,123,,,,0,False
123/123_15.png,123,,,,0,False
123/123_16.png,123,,,,0,False
123/123_17.png,123,,,,0,False
123/123_18.png,123,,,,0,False
123/123_19.png,123,,,,0,False
123/123_2.png,123,,,,0,False
123/123_3.png,123,,,,0,False
123/123_4.png,123,,,,0,False
123/123_5.png,123,,,,0,False
123/123_6.png,123,,,,0,False
123/123_7.png,123,,,,0,False
123/123_8.png,123,,,,0,False
123/123_9.png,123,,,,0,False
124/124_0.png,124,,,,0,False
124/124_1.png,124,,,,0,False
124/124_10.png,124,,,,0,False
124/124_11.png,124,,,,0,False
124/124_12.png,124,,,,0,False
124/124_13.png,124,,,,0,False
124/124_14.png,124,,,,0,False
124/124_15.png,124,,,,0,False
124/124_16.png,124,,,,0,False
124/124_17.png,124,,,,0,False
124/124_18.png,124,,,,0,False
124/124_19.png,124,,,,0,False
124/124_2.png,124,,,,0,False
124/124_3.png,124,,,,0,False
124/124_4.png,124,,,,0,False
124/124_5.png,124,,,,0,False
124/124_6.png,124,,,,0,False
124/124_7.png,124,,,,0,False
124/124_8.png,124,,,,0,False
124/124_9.png,124,,,,0,False
125/125_0.png,125,,,,0,False
125/125_1.png,125,,,,0,False
125/125_10.png,125,,,,0,False
125/125_11.png,125,,,,0,False
125/125_12.png,125,,,,0,False
125/125_13.png,125,,,,0,False
125/125_14.png,125,,,,0,False
125/125_15.png,125,,,,0,False
125/125_16.png,125,,,,0,False
125/125_17.png,125,,,,0,False
125/125_18.png,125,,,,0,False
125/125_19.png,125,,,,0,False
125/125_2.png,125,,,,0,False
125/125_3.png,125,,,,0,False
125/125_4.png,125,,,,0,False
125/125_5.png,125,,,,0,False
125/125_6.png,125,,,,0,False
125/125_7.png,125,,,,0,False
125/125_8.png,125,,,,0,False
125/125_9.png,125,,,,0,False
126/126_0.png,126,,,,0,False
126/126_1.png,126,,,,0,False
126/126_10.png,126,,,,0,False
126/126_11.png,126,,,,0,False
126/126_12.png,126,,,,0,False
126/126_13.png,126,,,,0,False
126/126_14.png,126,,,,0,False
126/126_15.png,126,,,,0,False
126/126_16.png,126,,,,0,False
126/126_17.png,126,,,,0,False
126/126_18.png,126,,,,0,False
126/126_19.png,126,,,,0,False
126/126_2.png,126,,,,0,False
126/126_3.png,126,,,,0,False
126/126_4.png,126,,,,0,False
126/126_5.png,126,,,,0,False
126/126_6.png,126,,,,0,False
126/126_7.png,126,,,,0,False
126/126_8.png,126,,,,0,False
126/126_9.png,126,,,,0,False
127/127_0.png,127,,,,0,False
127/127_1.png,127,,,,0,False
127/127_10.png,127,,,,0,False
127/127_11.png,127,,,,0,False
127/127_12.png,127,,,,0,False
127/127_13.png,127,,,,0,False
127/127_14.png,127,,,,0,False
127/127_15.png,127,,,,0,False
127/127_16.png,127,,,,0,False
127/127_17.png,127,,,,0,False
127/127_18.png,127,,,,0,False
127/127_19.png,127,,,,0,False
127/127_2.png,127,,,,0,False
127/127_3.png,127,,,,0,False
127/127_4.png,127,,,,0,False
127/127_5.png,127,,,,0,False
127/127_6.png,127,,,,0,False
127/127_7.png,127,,,,0,False
127/127_8.png,127,,,,0,False
127/127_9.png,127,,,,0,False
128/128_0.png,128,,,,0,False
128/128_1.png,128,,,,0,False
128/128_10.png,128,,,,0,False
128/128_11.png,128,,,,0,False
128/128_12.png,128,,,,0,False
128/128_13.png,128,,,,0,False
128/128_14.png,128,,,,0,False
128/128_15.png,128,,,,0,False
128/128_16.png,128,,,,0,False
128/128_17.png,128,,,,0,False
128/128_18.png,128,,,,0,False
128/128_19.png,128,,,,0,False
128/128_2.png,128,,,,0,False
128/128_3.png,128,,,,0,False
128/128_4.png,128,,,,0,False
128/128_5.png,128,,,,0,False
128/128_6.png,128,,,,0,False
128/128_7.png,128,,,,0,False
128/128_8.png,128,,,,0,False
128/128_9.png,128,,,,0,False
129/129_0.png,129,,,,0,False
129/129_1.png,129,,,,0,False
129/129_10.png,129,,,,0,False
129/129_11.png,129,,,,0,False
129/129_12.png,129,,,,0,False
129/129_13.png,129,,,,0,False
129/129_14.png,129,,,,0,False
129/129_15.png,129,,,,0,False
129/129_16.png,129,,,,0,False
129/129_17.png,129,,,,0,False
129/129_18.png,129,,,,0,False
129/129_19.png,129,,,,0,False
129/129_2.png,129,,,,0,False
129/129_3.png,129,,,,0,False
129/129_4.png,129,,,,0,False
129/129_5.png,129,,,,0,False
129/129_6.png,129,,,,0,False
129/129_7.png,129,,,,0,False
129/129_8.png,129,,,,0,False
129/129_9.png,129,,,,0,False
130/130_0.png,130,,,,0,False
130/130_1.png,130,,,,0,False
130/130_10.png,130,,,,0,False
130/130_11.png,130,,,,0,False
130/130_12.png,130,,,,0,False
130/130_13.png,130,,,,0,False
130/130_14.png,130,,,,0,False
130/130_15.png,130,,,,0,False
130/130_16.png,130,,,,0,False
130/130_17.png,130,,,,0,False
130/130_18.png,130,,,,0,False
130/130_19.png,130,,,,0,False
130/130_2.png,130,,,,0,False
130/130_3.png,130,,,,0,False
130/130_4.png,130,,,,0,False
130/130_5.png,130,,,,0,False
130/130_6.png,130,,,,0,False
130/130_7.png,130,,,,0,False
130/130_8.png,130,,,,0,False
130/130_9.png,130,,,,0,False
131/131_0.png,131,,,,0,False
131/131_1.png,131,,,,0,False
131/131_10.png,131,,,,0,False
131/131_11.png,131,,,,0,False
131/131_12.png,131,,,,0,False
131/131_13.png,131,,,,0,False
131/131_14.png,131,,,,0,False
131/131_15.png,131,,,,0,False
131/131_16.png,131,,,,0,False
131/131_17.png,131,,,,0,False
131/131_18.png,131,,,,0,False
131/131_19.png,131,,,,0,False
131/131_2.png,131,,,,0,False
131/131_3.png,131,,,,0,False
131/131_4.png,131,,,,0,False
131/131_5.png,131,,,,0,False
131/131_6.png,131,,,,0,False
131/131_7.png,131,,,,0,False
131/131_8.png,131,,,,0,False
131/131_9.png,131,,,,0,False
132/132_0.png,132,,,,0,False
132/132_1.png,132,,,,0,False
132/132_10.png,132,,,,0,False
132/132_11.png,132,,,,0,False
132/132_12.png,132,,,,0,False
132/132_13.png,132,,,,0,False
132/132_14.png,132,,,,0,False
132/132_15.png,132,,,,0,False
132/132_16.png,132,,,,0,False
132/132_17.png,132,,,,0,False
132/132_18.png,132,,,,0,False
132/132_19.png,132,,,,0,False
132/132_2.png,132,,,,0,False
132/132_3.png,132,,,,0,False
132/132_4.png,132,,,,0,False
132/132_5.png,132,,,,0,False
132/132_6.png,132,,,,0,False
132/132_7.png,132,,,,0,False
132/132_8.png,132,,,,0,False
132/132_9.png,132,,,,0,False
133/133_0.png,133,,,,0,False
133/133_1.png,133,,,,0,False
133/133_10.png,133,,,,0,False
133/133_11.png,133,,,,0,False
133/133_12.png,133,,,,0,False
133/133_13.png,133,,,,0,False
133/133_14.png,133,,,,0,False
133/133_15.png,133,,,,0,False
133/133_16.png,133,,,,0,False
133/133_17.png,133,,,,0,False
133/133_18.png,133,,,,0,False
133/133_19.png,133,,,,0,False
133/133_2.png,133,,,,0,False
133/133_3.png,133,,,,0,False
133/133_4.png,133,,,,0,False
133/133_5.png,133,,,,0,False
133/133_6.png,133,,,,0,False
133/133_7.png,133,,,,0,False
133/133_8.png,133,,,,0,False
133/133_9.png,133,,,,0,False
134/134_0.png,134,,,,0,False
134/134_1.png,134,,,,0,False
134/134_10.png,134,,,,0,False
134/134_11.png,134,,,,0,False
134/134_12.png,134,,,,0,False
134/134_13.png,134,,,,0,False
134/134_14.png,134,,,,0,False
134/134_15.png,134,,,,0,False
134/134_16.png,134,,,,0,False
134/134_17.png,134,,,,0,False
134/134_18.png,134,,,,0,False
134/134_19.png,134,,,,0,False
134/134_2.png,134,,,,0,False
134/134_3.png,134,,,,0,False
134/134_4.png,134,,,,0,False
134/134_5.png,134,,,,0,False
134/134_6.png,134,,,,0,False
134/134_7.png,134,,,,0,False
134/134_8.png,134,,,,0,False
134/134_9.png,134,,,,0,False
135/135_0.png,135,,,,0,False
135/135_1.png,135,,,,0,False
135/135_10.png,135,,,,0,False
135/135_11.png,135,,,,0,False
135/135_12.png,135,,,,0,False
135/135_13.png,135,,,,0,False
135/135_14.png,135,,,,0,False
135/135_15.png,135,,,,0,False
135/135_16.png,135,,,,0,False
135/135_17.png,135,,,,0,False
135/135_18.png,135,,,,0,False
135/135_19.png,135,,,,0,False
135/135_2.png,135,,,,0,False
135/135_3.png,135,,,,0,False
135/135_4.png,135,,,,0,False
135/135_5.png,135,,,,0,False
135/135_6.png,135,,,,0,False
135/135_7.png,135,,,,0,False
135/135_8.png,135,,,,0,False
135/135_9.png,135,,,,0,False
136/136_0.png,136,,,,0,False
136/136_1.png,136,,,,0,False
136/136_10.png,136,,,,0,False
136/136_11.png,136,,,,0,False
136/136_12.png,136,,,,0,False
136/136_13.png,136,,,,0,False
136/136_14.png,136,,,,0,False
136/136_15.png,136,,,,0,False
136/136_16.png,136,,,,0,False
136/136_17.png,136,,,,0,False
136/136_18.png,136,,,,0,False
136/136_19.png,136,,,,0,False
136/136_2.png,136,,,,0,False
136/136_3.png,136,,,,0,False
136/136_4.png,136,,,,0,False
136/136_5.png,136,,,,0,False
136/136_6.png,136,,,,0,False
136/136_7.png,136,,,,0,False
136/136_8.png,136,,,,0,False
136/136_9.png,136,,,,0,False
137/137_0.png,137,,,,0,False
137/137_1.png,137,,,,0,False
137/137_10.png,137,,,,0,False
137/137_11.png,137,,,,0,False
137/137_12.png,137,,,,0,False
137/137_13.png,137,,,,0,False
137/137_14.png,137,,,,0,False
137/137_15.png,137,,,,0,False
137/137_16.png,137,,,,0,False
137/137_17.png,137,,,,0,False
137/137_18.png,137,,,,0,False
137/137_19.png,137,,,,0,False
137/137_2.png,137,,,,0,False
137/137_3.png,137,,,,0,False
137/137_4.png,137,,,,0,False
137/137_5.png,137,,,,0,False
137/137_6.png,137,,,,0,False
137/137_7.png,137,,,,0,False
137/137_8.png,137,,,,0,False
137/137_9.png,137,,,,0,False
138/138_0.png,138,,,,0,False
138/138_1.png,138,,,,0,False
138/138_10.png,138,,,,0,False
138/138_11.png,138,,,,0,False
138/138_12.png,138,,,,0,False
138/138_13.png,138,,,,0,False
138/138_14.png,138,,,,0,False
138/138_15.png,138,,,,0,False
138/138_16.png,138,,,,0,False
138/138_17.png,138,,,,0,False
138/138_18.png,138,,,,0,False
138/138_19.png,138,,,,0,False
138/138_2.png,138,,,,0,False
138/138_3.png,138,,,,0,False
138/138_4.png,138,,,,0,False
138/138_5.png,138,,,,0,False
138/138_6.png,138,,,,0,False
138/138_7.png,138,,,,0,False
138/138_8.png,138,,,,0,False
138/138_9.png,138,,,,0,False
139/139_0.png,139,,,,0,False
139/139_1.png,139,,,,0,False
139/139_10.png,139,,,,0,False
139/139_11.png,139,,,,0,False
139/139_12.png,139,,,,0,False
139/139_13.png,139,,,,0,False
139/139_14.png,139,,,,0,False
139/139_15.png,139,,,,0,False
139/139_16.png,139,,,,0,False
139/139_17.png,139,,,,0,False
139/139_18.png,139,,,,0,False
139/139_19.png,139,,,,0,False
139/139_2.png,139,,,,0,False
139/139_3.png,139,,,,0,False
139/139_4.png,139,,,,0,False
139/139_5.png,139,,,,0,False
139/139_6.png,139,,,,0,False
139/139_7.png,139,,,,0,False
139/139_8.png,139,,,,0,False
139/139_9.png,139,,,,0,False
140/140_0.png,140,,,,0,False
140/140_1.png,140,,,,0,False
140/140_10.png,140,,,,0,False
140/140_11.png,140,,,,0,False
140/140_12.png,140,,,,0,False
140/140_13.png,140,,,,0,False
140/140_14.png,140,,,,0,False
140/140_15.png,140,,,,0,False
140/140_16.png,140,,,,0,False
140/140_17.png,140,,,,0,False
140/140_18.png,140,,,,0,False
140/140_19.png,140,,,,0,False
140/140_2.png,140,,,,0,False
140/140_3.png,140,,,,0,False
140/140_4.png,140,,,,0,False
140/140_5.png,140,,,,0,False
140/140_6.png,140,,,,0,False
140/140_7.png,140,,,,0,False
140/140_8.png,140,,,,0,False
140/140_9.png,140,,,,0,False
141/141_0.png,141,,,,0,False
141/141_1.png,141,,,,0,False
141/141_10.png,141,,,,0,False
141/141_11.png,141,,,,0,False
141/141_12.png,141,,,,0,False
141/141_13.png,141,,,,0,False
141/141_14.png,141,,,,0,False
141/141_15.png,141,,,,0,False
141/141_16.png,141,,,,0,False
141/141_17.png,141,,,,0,False
141/141_18.png,141,,,,0,False
141/141_19.png,141,,,,0,False
141/141_2.png,141,,,,0,False
141/141_3.png,141,,,,0,False
141/141_4.png,141,,,,0,False
141/141_5.png,141,,,,0,False
141/141_6.png,141,,,,0,False
141/141_7.png,141,,,,0,False
141/141_8.png,141,,,,0,False
141/141_9.png,141,,,,0,False
142/142_0.png,142,,,,0,False
142/142_1.png,142,,,,0,False
142/142_10.png,142,,,,0,False
142/142_11.png,142,,,,0,False
142/142_12.png,142,,,,0,False
142/142_13.png,142,,,,0,False
142/142_14.png,142,,,,0,False
142/142_15.png,142,,,,0,False
142/142_16.png,142,,,,0,False
142/142_17.png,142,,,,0,False
142/142_18.png,142,,,,0,False
142/142_19.png,142,,,,0,False
142/142_2.png,142,,,,0,False
142/142_3.png,142,,,,0,False
142/142_4.png,142,,,,0,False
142/142_5.png,142,,,,0,False
142/142_6.png,142,,,,0,False
142/142_7.png,142,,,,0,False
142/142_8.png,142,,,,0,False
142/142_9.png,142,,,,0,False
143/143_0.png,143,,,,0,False
143/143_1.png,143,,,,0,False
143/143_10.png,143,,,,0,False
143/143_11.png,143,,,,0,False
143/143_12.png,143,,,,0,False
143/143_13.png,143,,,,0,False
143/143_14.png,143,,,,0,False
143/143_15.png,143,,,,0,False
143/143_16.png,143,,,,0,False
143/143_17.png,143,,,,0,False
143/143_18.png,143,,,,0,False
143/143_19.png,143,,,,0,False
143/143_2.png,143,,,,0,False
143/143_3.png,143,,,,0,False
143/143_4.png,143,,,,0,False
143/143_5.png,143,,,,0,False
143/143_6.png,143,,,,0,False
143/143_7.png,143,,,,0,False
143/143_8.png,143,,,,0,False
143/143_9.png,143,,,,0,False
144/144_0.png,144,,,,0,False
144/144_1.png,144,,,,0,False
144/144_10.png,144,,,,0,False
144/144_11.png,144,,,,0,False
144/144_12.png,144,,,,0,False
144/144_13.png,144,,,,0,False
144/144_14.png,144,,,,0,False
144/144_15.png,144,,,,0,False
144/144_16.png,144,,,,0,False
144/144_17.png,144,,,,0,False
144/144_18.png,144,,,,0,False
144/144_19.png,144,,,,0,False
144/144_2.png,144,,,,0,False
144/144_3.png,144,,,,0,False
144/144_4.png,144,,,,0,False
144/144_5.png,144,,,,0,False
144/144_6.png,144,,,,0,False
144/144_7.png,144,,,,0,False
144/144_8.png,144,,,,0,False
144/144_9.png,144,,,,0,False
145/145_0.png,145,,,,0,False
145/145_1.png,145,,,,0,False
145/145_10.png,145,,,,0,False
145/145_11.png,145,,,,0,False
145/145_12.png,145,,,,0,False
145/145_13.png,145,,,,0,False
145/145_14.png,145,,,,0,False
145/145_15.png,145,,,,0,False
145/145_16.png,145,,,,0,False
145/145_17.png,145,,,,0,False
145/145_18.png,145,,,,0,False
145/145_19.png,145,,,,0,False
145/145_2.png,145,,,,0,False
145/145_3.png,145,,,,0,False
145/145_4.png,145,,,,0,False
145/145_5.png,145,,,,0,False
145/145_6.png,145,,,,0,False
145/145_7.png,145,,,,0,False
145/145_8.png,145,,,,0,False
145/145_9.png,145,,,,0,False
146/146_0.png,146,,,,0,False
146/146_1.png,146,,,,0,False
146/146_10.png,146,,,,0,False
146/146_11.png,146,,,,0,False
146/146_12.png,146,,,,0,False
146/146_13.png,146,,,,0,False
146/146_14.png,146,,,,0,False
146/146_15.png,146,,,,0,False
146/146_16.png,146,,,,0,False
146/146_17.png,146,,,,0,False
146/146_18.png,146,,,,0,False
146/146_19.png,146,,,,0,False
146/146_2.png,146,,,,0,False
146/146_3.png,146,,,,0,False
146/146_4.png,146,,,,0,False
146/146_5.png,146,,,,0,False
146/146_6.png,146,,,,0,False
146/146_7.png,146,,,,0,False
146/146_8.png,146,,,,0,False
146/146_9.png,146,,,,0,False
147/147_0.png,147,,,,0,False
147/147_1.png,147,,,,0,False
147/147_10.png,147,,,,0,False
147/147_11.png,147,,,,0,False
147/147_12.png,147,,,,0,False
147/147_13.png,147,,,,0,False
147/147_14.png,147,,,,0,False
147/147_15.png,147,,,,0,False
147/147_16.png,147,,,,0,False
147/147_17.png,147,,,,0,False
147/147_18.png,147,,,,0,False
147/147_19.png,147,,,,0,False
147/147_2.png,147,,,,0,False
147/147_3.png,147,,,,0,False
147/147_4.png,147,,,,0,False
147/147_5.png,147,,,,0,False
147/147_6.png,147,,,,0,False
147/147_7.png,147,,,,0,False
147/147_8.png,147,,,,0,False
147/147_9.png,147,,,,0,False
148/148_0.png,148,,,,0,False
148/148_1.png,148,,,,0,False
148/148_10.png,148,,,,0,False
148/148_11.png,148,,,,0,False
148/148_12.png,148,,,,0,False
148/148_13.png,148,,,,0,False
148/148_14.png,148,,,,0,False
148/148_15.png,148,,,,0,False
148/148_16.png,148,,,,0,False
148/148_17.png,148,,,,0,False
148/148_18.png,148,,,,0,False
148/148_19.png,148,,,,0,False
148/148_2.png,148,,,,0,False
148/148_3.png,148,,,,0,False
148/148_4.png,148,,,,0,False
148/148_5.png,148,,,,0,False
148/148_6.png,148,,,,0,False
148/148_7.png,148,,,,0,False
148/148_8.png,148,,,,0,False
148/148_9.png,148,,,,0,False
149/149_0.png,149,,,,0,False
149/149_1.png,149,,,,0,False
149/149_10.png,149,,,,0,False
149/149_11.png,149,,,,0,False
149/149_12.png,149,,,,0,False
149/149_13.png,149,,,,0,False
149/149_14.png,149,,,,0,False
149/149_15.png,149,,,,0,False
149/149_16.png,149,,,,0,False
149/149_17.png,149,,,,0,False
149/149_18.png,149,,,,0,False
149/149_19.png,149,,,,0,False
149/149_2.png,149,,,,0,False
149/149_3.png,149,,,,0,False
149/149_4.png,149,,,,0,False
149/149_5.png,149,,,,0,False
149/149_6.png,149,,,,0,False
149/149_7.png,149,,,,0,False
149/149_8.png,149,,,,0,False
149/149_9.png,149,,,,0,False
150/150_0.png,150,,,,0,False
150/150_1.png,150,,,,0,False
150/150_10.png,150,,,,0,False
150/150_11.png,150,,,,0,False
150/150_12.png,150,,,,0,False
150/150_13.png,150,,,,0,False
150/150_14.png,150,,,,0,False
150/150_15.png,150,,,,0,False
150/150_16.png,150,,,,0,False
150/150_17.png,150,,,,0,False
150/150_18.png,150,,,,0,False
150/150_19.png,150,,,,0,False
150/150_2.png,150,,,,0,False
150/150_3.png,150,,,,0,False
150/150_4.png,150,,,,0,False
150/150_5.png,150,,,,0,False
150/150_6.png,150,,,,0,False
150/150_7.png,150,,,,0,False
150/150_8.png,150,,,,0,False
150/150_9.png,150,,,,0,False
151/151_0.png,151,,,,0,False
151/151_1.png,151,,,,0,False
151/151_10.png,151,,,,0,False
151/151_11.png,151,,,,0,False
151/151_12.png,151,,,,0,False
151/151_13.png,151,,,,0,False
151/151_14.png,151,,,,0,False
151/151_15.png,151,,,,0,False
151/151_16.png,151,,,,0,False
151/151_17.png,151,,,,0,False
151/151_18.png,151,,,,0,False
151/151_19.png,151,,,,0,False
151/151_2.png,151,,,,0,False
151/151_3.png,151,,,,0,False
151/151_4.png,151,,,,0,False
151/151_5.png,151,,,,0,False
151/151_6.png,151,,,,0,False
151/151_7.png,151,,,,0,False
151/151_8.png,151,,,,0,False
151/151_9.png,151,,,,0,False
152/152_0.png,152,,,,0,False
152/152_1.png,152,,,,0,False
152/152_10.png,152,,,,0,False
152/152_11.png,152,,,,0,False
152/152_12.png,152,,,,0,False
152/152_13.png,152,,,,0,False
152/152_14.png,152,,,,0,False
152/152_15.png,152,,,,0,False
152/152_16.png,152,,,,0,False
152/152_17.png,152,,,,0,False
152/152_18.png,152,,,,0,False
152/152_19.png,152,,,,0,False
152/152_2.png,152,,,,0,False
152/152_3.png,152,,,,0,False
152/152_4.png,152,,,,0,False
152/152_5.png,152,,,,0,False
152/152_6.png,152,,,,0,False
152/152_7.png,152,,,,0,False
152/152_8.png,152,,,,0,False
152/152_9.png,152,,,,0,False
153/153_0.png,153,,,,0,False
153/153_1.png,153,,,,0,False
153/153_10.png,153,,,,0,False
153/153_11.png,153,,,,0,False
153/153_12.png,153,,,,0,False
153/153_13.png,153,,,,0,False
153/153_14.png,153,,,,0,False
153/153_15.png,153,,,,0,False
153/153_16.png,153,,,,0,False
153/153_17.png,153,,,,0,False
153/153_18.png,153,,,,0,False
153/153_19.png,153,,,,0,False
153/153_2.png,153,,,,0,False
153/153_3.png,153,,,,0,False
153/153_4.png,153,,,,0,False
153/153_5.png,153,,,,0,False
153/153_6.png,153,,,,0,False
153/153_7.png,153,,,,0,False
153/153_8.png,153,,,,0,False
153/153_9.png,153,,,,0,False
154/154_0.png,154,,,,0,False
154/154_1.png,154,,,,0,False
154/154_10.png,154,,,,0,False
154/154_11.png,154,,,,0,False
154/154_12.png,154,,,,0,False
154/154_13.png,154,,,,0,False
154/154_14.png,154,,,,0,False
154/154_15.png,154,,,,0,False
154/154_16.png,154,,,,0,False
154/154_17.png,154,,,,0,False
154/154_18.png,154,,,,0,False
154/154_19.png,154,,,,0,False
154/154_2.png,154,,,,0,False
154/154_3.png,154,,,,0,False
154/154_4.png,154,,,,0,False
154/154_5.png,154,,,,0,False
154/154_6.png,154,,,,0,False
154/154_7.png,154,,,,0,False
154/154_8.png,154,,,,0,False
154/154_9.png,154,,,,0,False
155/155_0.png,155,,,,0,False
155/155_1.png,155,,,,0,False
155/155_10.png,155,,,,0,False
155/155_11.png,155,,,,0,False
155/155_12.png,155,,,,0,False
155/155_13.png,155,,,,0,False
155/155_14.png,155,,,,0,False
155/155_15.png,155,,,,0,False
155/155_16.png,155,,,,0,False
155/155_17.png,155,,,,0,False
155/155_18.png,155,,,,0,False
155/155_19.png,155,,,,0,False
155/155_2.png,155,,,,0,False
155/155_3.png,155,,,,0,False
155/155_4.png,155,,,,0,False
155/155_5.png,155,,,,0,False
155/155_6.png,155,,,,0,False
155/155_7.png,155,,,,0,False
155/155_8.png,155,,,,0,False
155/155_9.png,155,,,,0,False
156/156_0.png,156,,,,0,False
156/156_1.png,156,,,,0,False
156/156_10.png,156,,,,0,False
156/156_11.png,156,,,,0,False
156/156_12.png,156,,,,0,False
156/156_13.png,156,,,,0,False
156/156_14.png,156,,,,0,False
156/156_15.png,156,,,,0,False
156/156_16.png,156,,,,0,False
156/156_17.png,156,,,,0,False
156/156_18.png,156,,,,0,False
156/156_19.png,156,,,,0,False
156/156_2.png,156,,,,0,False
156/156_3.png,156,,,,0,False
156/156_4.png,156,,,,0,False
156/156_5.png,156,,,,0,False
156/156_6.png,156,,,,0,False
156/156_7.png,156,,,,0,False
156/156_8.png,156,,,,0,False
156/156_9.png,156,,,,0,False
157/157_0.png,157,,,,0,False
157/157_1.png,157,,,,0,False
157/157_10.png,157,,,,0,False
157/157_11.png,157,,,,0,False
157/157_12.png,157,,,,0,False
157/157_13.png,157,,,,0,False
157/157_14.png,157,,,,0,False
157/157_15.png,157,,,,0,False
157/157_16.png,157,,,,0,False
157/157_17.png,157,,,,0,False
157/157_18.png,157,,,,0,False
157/157_19.png,157,,,,0,False
157/157_2.png,157,,,,0,False
157/157_3.png,157,,,,0,False
157/157_4.png,157,,,,0,False
157/157_5.png,157,,,,0,False
157/157_6.png,157,,,,0,False
157/157_7.png,157,,,,0,False
157/157_8.png,157,,,,0,False
157/157_9.png,157,,,,0,False
158/158_0.png,158,,,,0,False
158/158_1.png,158,,,,0,False
158/158_10.png,158,,,,0,False
158/158_11.png,158,,,,0,False
158/158_12.png,158,,,,0,False
158/158_13.png,158,,,,0,False
158/158_14.png,158,,,,0,False
158/158_15.png,158,,,,0,False
158/158_16.png,158,,,,0,False
158/158_17.png,158,,,,0,False
158/158_18.png,158,,,,0,False
158/158_19.png,158,,,,0,False
158/158_2.png,158,,,,0,False
158/158_3.png,158,,,,0,False
158/158_4.png,158,,,,0,False
158/158_5.png,158,,,,0,False
158/158_6.png,158,,,,0,False
158/158_7.png,158,,,,0,False
158/158_8.png,158,,,,0,False
158/158_9.png,158,,,,0,False
159/159_0.png,159,,,,0,False
159/159_1.png,159,,,,0,False
159/159_10.png,159,,,,0,False
159/159_11.png,159,,,,0,False
159/159_12.png,159,,,,0,False
159/159_13.png,159,,,,0,False
159/159_14.png,159,,,,0,False
159/159_15.png,159,,,,0,False
159/159_16.png,159,,,,0,False
159/159_17.png,159,,,,0,False
159/159_18.png,159,,,,0,False
159/159_19.png,159,,,,0,False
159/159_2.png,159,,,,0,False
159/159_3.png,159,,,,0,False
159/159_4.png,159,,,,0,False
159/159_5.png,159,,,,0,False
159/159_6.png,159,,,,0,False
159/159_7.png,159,,,,0,False
159/159_8.png,159,,,,0,False
159/159_9.png,159,,,,0,False
160/160_0.png,160,,,,0,False
160/160_1.png,160,,,,0,False
160/160_10.png,160,,,,0,False
160/160_11.png,160,,,,0,False
160/160_12.png,160,,,,0,False
160/160_13.png,160,,,,0,False
160/160_14.png,160,,,,0,False
160/160_15.png,160,,,,0,False
160/160_16.png,160,,,,0,False
160/160_17.png,160,,,,0,False
160/160_18.png,160,,,,0,False
160/160_19.png,160,,,,0,False
160/160_2.png,160,,,,0,False
160/160_3.png,160,,,,0,False
160/160_4.png,160,,,,0,False
160/160_5.png,160,,,,0,False
160/160_6.png,160,,,,0,False
160/160_7.png,160,,,,0,False
160/160_8.png,160,,,,0,False
160/160_9.png,160,,,,0,False
161/161_0.png,161,,,,0,False
161/161_1.png,161,,,,0,False
161/161_10.png,161,,,,0,False
161/161_11.png,161,,,,0,False
161/161_12.png,161,,,,0,False
161/161_13.png,161,,,,0,False
161/161_14.png,161,,,,0,False
161/161_15.png,161,,,,0,False
161/161_16.png,161,,,,0,False
161/161_17.png,161,,,,0,False
161/161_18.png,161,,,,0,False
161/161_19.png,161,,,,0,False
161/161_2.png,161,,,,0,False
161/161_3.png,161,,,,0,False
161/161_4.png,161,,,,0,False
161/161_5.png,161,,,,0,False
161/161_6.png,161,,,,0,False
161/161_7.png,161,,,,0,False
161/161_8.png,161,,,,0,False
161/161_9.png,161,,,,0,False
162/162_0.png,162,,,,0,False
162/162_1.png,162,,,,0,False
162/162_10.png,162,,,,0,False
162/162_11.png,162,,,,0,False
162/162_12.png,162,,,,0,False
162/162_13.png,162,,,,0,False
162/162_14.png,162,,,,0,False
162/162_15.png,162,,,,0,False
162/162_16.png,162,,,,0,False
162/162_17.png,162,,,,0,False
162/162_18.png,162,,,,0,False
162/162_19.png,162,,,,0,False
162/162_2.png,162,,,,0,False
162/162_3.png,162,,,,0,False
162/162_4.png,162,,,,0,False
162/162_5.png,162,,,,0,False
162/162_6.png,162,,,,0,False
162/162_7.png,162,,,,0,False
162/162_8.png,162,,,,0,False
162/162_9.png,162,,,,0,False
163/163_0.png,163,,,,0,False
163/163_1.png,163,,,,0,False
163/163_10.png,163,,,,0,False
163/163_11.png,163,,,,0,False
163/163_12.png,163,,,,0,False
163/163_13.png,163,,,,0,False
163/163_14.png,163,,,,0,False
163/163_15.png,163,,,,0,False
163/163_16.png,163,,,,0,False
163/163_17.png,163,,,,0,False
163/163_18.png,163,,,,0,False
163/163_19.png,163,,,,0,False
163/163_2.png,163,,,,0,False
163/163_3.png,163,,,,0,False
163/163_4.png,163,,,,0,False
163/163_5.png,163,,,,0,False
163/163_6.png,163,,,,0,False
163/163_7.png,163,,,,0,False
163/163_8.png,163,,,,0,False
163/163_9.png,163,,,,0,False
164/164_0.png,164,,,,0,False
164/164_1.png,164,,,,0,False
164/164_10.png,164,,,,0,False
164/164_11.png,164,,,,0,False
164/164_12.png,164,,,,0,False
164/164_13.png,164,,,,0,False
164/164_14.png,164,,,,0,False
164/164_15.png,164,,,,0,False
164/164_16.png,164,,,,0,False
164/164_17.png,164,,,,0,False
164/164_18.png,164,,,,0,False
164/164_19.png,164,,,,0,False
164/164_2.png,164,,,,0,False
164/164_3.png,164,,,,0,False
164/164_4.png,164,,,,0,False
164/164_5.png,164,,,,0,False
164/164_6.png,164,,,,0,False
164/164_7.png,164,,,,0,False
164/164_8.png,164,,,,0,False
164/164_9.png,164,,,,0,False
165/165_0.png,165,,,,0,False
165/165_1.png,165,,,,0,False
165/165_10.png,165,,,,0,False
165/165_11.png,165,,,,0,False
165/165_12.png,165,,,,0,False
165/165_13.png,165,,,,0,False
165/165_14.png,165,,,,0,False
165/165_15.png,165,,,,0,False
165/165_16.png,165,,,,0,False
165/165_17.png,165,,,,0,False
165/165_18.png,165,,,,0,False
165/165_19.png,165,,,,0,False
165/165_2.png,165,,,,0,False
165/165_3.png,165,,,,0,False
165/165_4.png,165,,,,0,False
165/165_5.png,165,,,,0,False
165/165_6.png,165,,,,0,False
165/165_7.png,165,,,,0,False
165/165_8.png,165,,,,0,False
165/165_9.png,165,,,,0,False
166/166_0.png,166,,,,0,False
166/166_1.png,166,,,,0,False
166/166_10.png,166,,,,0,False
166/166_11.png,166,,,,0,False
166/166_12.png,166,,,,0,False
166/166_13.png,166,,,,0,False
166/166_14.png,166,,,,0,False
166/166_15.png,166,,,,0,False
166/166_16.png,166,,,,0,False
166/166_17.png,166,,,,0,False
166/166_18.png,166,,,,0,False
166/166_19.png,166,,,,0,False
166/166_2.png,166,,,,0,False
166/166_3.png,166,,,,0,False
166/166_4.png,166,,,,0,False
166/166_5.png,166,,,,0,False
166/166_6.png,166,,,,0,False
166/166_7.png,166,,,,0,False
166/166_8.png,166,,,,0,False
166/166_9.png,166,,,,0,False
167/167_0.png,167,,,,0,False
167/167_1.png,167,,,,0,False
167/167_10.png,167,,,,0,False
167/167_11.png,167,,,,0,False
167/167_12.png,167,,,,0,False
167/167_13.png,167,,,,0,False
167/167_14.png,167,,,,0,False
167/167_15.png,167,,,,0,False
167/167_16.png,167,,,,0,False
167/167_17.png,167,,,,0,False
167/167_18.png,167,,,,0,False
167/167_19.png,167,,,,0,False
167/167_2.png,167,,,,0,False
167/167_3.png,167,,,,0,False
167/167_4.png,167,,,,0,False
167/167_5.png,167,,,,0,False
167/167_6.png,167,,,,0,False
167/167_7.png,167,,,,0,False
167/167_8.png,167,,,,0,False
167/167_9.png,167,,,,0,False
168/168_0.png,168,,,,0,False
168/168_1.png,168,,,,0,False
168/168_10.png,168,,,,0,False
168/168_11.png,168,,,,0,False
168/168_12.png,168,,,,0,False
168/168_13.png,168,,,,0,False
168/168_14.png,168,,,,0,False
168/168_15.png,168,,,,0,False
168/168_16.png,168,,,,0,False
168/168_17.png,168,,,,0,False
168/168_18.png,168,,,,0,False
168/168_19.png,168,,,,0,False
168/168_2.png,168,,,,0,False
168/168_3.png,168,,,,0,False
168/168_4.png,168,,,,0,False
168/168_5.png,168,,,,0,False
168/168_6.png,168,,,,0,False
168/168_7.png,168,,,,0,False
168/168_8.png,168,,,,0,False
168/168_9.png,168,,,,0,False
169/169_0.png,169,,,,0,False
169/169_1.png,169,,,,0,False
169/169_10.png,169,,,,0,False
169/169_11.png,169,,,,0,False
169/169_12.png,169,,,,0,False
169/169_13.png,169,,,,0,False
169/169_14.png,169,,,,0,False
169/169_15.png,169,,,,0,False
169/169_16.png,169,,,,0,False
169/169_17.png,169,,,,0,False
169/169_18.png,169,,,,0,False
169/169_19.png,169,,,,0,False
169/169_2.png,169,,,,0,False
169/169_3.png,169,,,,0,False
169/169_4.png,169,,,,0,False
169/169_5.png,169,,,,0,False
169/169_6.png,169,,,,0,False
169/169_7.png,169,,,,0,False
169/169_8.png,169,,,,0,False
169/169_9.png,169,,,,0,False
170/170_0.png,170,,,,0,False
170/170_1.png,170,,,,0,False
170/170_10.png,170,,,,0,False
170/170_11.png,170,,,,0,False
170/170_12.png,170,,,,0,False
170/170_13.png,170,,,,0,False
170/170_14.png,170,,,,0,False
170/170_15.png,170,,,,0,False
170/170_16.png,170,,,,0,False
170/170_17.png,170,,,,0,False
170/170_18.png,170,,,,0,False
170/170_19.png,170,,,,0,False
170/170_2.png,170,,,,0,False
170/170_3.png,170,,,,0,False
170/170_4.png,170,,,,0,False
170/170_5.png,170,,,,0,False
170/170_6.png,170,,,,0,False
170/170_7.png,170,,,,0,False
170/170_8.png,170,,,,0,False
170/170_9.png,170,,,,0,False
171/171_0.png,171,,,,0,False
171/171_1.png,171,,,,0,False
171/171_10.png,171,,,,0,False
171/171_11.png,171,,,,0,False
171/171_12.png,171,,,,0,False
171/171_13.png,171,,,,0,False
171/171_14.png,171,,,,0,False
171/171_15.png,171,,,,0,False
171/171_16.png,171,,,,0,False
171/171_17.png,171,,,,0,False
171/171_18.png,171,,,,0,False
171/171_19.png,171,,,,0,False
171/171_2.png,171,,,,0,False
171/171_3.png,171,,,,0,False
171/171_4.png,171,,,,0,False
171/171_5.png,171,,,,0,False
171/171_6.png,171,,,,0,False
171/171_7.png,171,,,,0,False
171/171_8.png,171,,,,0,False
171/171_9.png,171,,,,0,False
172/172_0.png,172,,,,0,False
172/172_1.png,172,,,,0,False
172/172_10.png,172,,,,0,False
172/172_11.png,172,,,,0,False
172/172_12.png,172,,,,0,False
172/172_13.png,172,,,,0,False
172/172_14.png,172,,,,0,False
172/172_15.png,172,,,,0,False
172/172_16.png,172,,,,0,False
172/172_17.png,172,,,,0,False
172/172_18.png,172,,,,0,False
172/172_19.png,172,,,,0,False
172/172_2.png,172,,,,0,False
172/172_3.png,172,,,,0,False
172/172_4.png,172,,,,0,False
172/172_5.png,172,,,,0,False
172/172_6.png,172,,,,0,False
172/172_7.png,172,,,,0,False
172/172_8.png,172,,,,0,False
172/172_9.png,172,,,,0,False
173/173_0.png,173,,,,0,False
173/173_1.png,173,,,,0,False
173/173_10.png,173,,,,0,False
173/173_11.png,173,,,,0,False
173/173_12.png,173,,,,0,False
173/173_13.png,173,,,,0,False
173/173_14.png,173,,,,0,False
173/173_15.png,173,,,,0,False
173/173_16.png,173,,,,0,False
173/173_17.png,173,,,,0,False
173/173_18.png,173,,,,0,False
173/173_19.png,173,,,,0,False
173/173_2.png,173,,,,0,False
173/173_3.png,173,,,,0,False
173/173_4.png,173,,,,0,False
173/173_5.png,173,,,,0,False
173/173_6.png,173,,,,0,False
173/173_7.png,173,,,,0,False
173/173_8.png,173,,,,0,False
173/173_9.png,173,,,,0,False
174/174_0.png,174,,,,0,False
174/174_1.png,174,,,,0,False
174/174_10.png,174,,,,0,False
174/174_11.png,174,,,,0,False
174/174_12.png,174,,,,0,False
174/174_13.png,174,,,,0,False
174/174_14.png,174,,,,0,False
174/174_15.png,174,,,,0,False
174/174_16.png,174,,,,0,False
174/174_17.png,174,,,,0,False
174/174_18.png,174,,,,0,False
174/174_19.png,174,,,,0,False
174/174_2.png,174,,,,0,False
174/174_3.png,174,,,,0,False
174/174_4.png,174,,,,0,False
174/174_5.png,174,,,,0,False
174/174_6.png,174,,,,0,False
174/174_7.png,174,,,,0,False
174/174_8.png,174,,,,0,False
174/174_9.png,174,,,,0,False
175/175_0.png,175,,,,0,False
175/175_1.png,175,,,,0,False
175/175_10.png,175,,,,0,False
175/175_11.png,175,,,,0,False
175/175_12.png,175,,,,0,False
175/175_13.png,175,,,,0,False
175/175_14.png,175,,,,0,False
175/175_15.png,175,,,,0,False
175/175_16.png,175,,,,0,False
175/175_17.png,175,,,,0,False
175/175_18.png,175,,,,0,False
175/175_19.png,175,,,,0,False
175/175_2.png,175,,,,0,False
175/175_3.png,175,,,,0,False
175/175_4.png,175,,,,0,False
175/175_5.png,175,,,,0,False
175/175_6.png,175,,,,0,False
175/175_7.png,175,,,,0,False
175/175_8.png,175,,,,0,False
175/175_9.png,175,,,,0,False
176/176_0.png,176,,,,0,False
176/176_1.png,176,,,,0,False
176/176_10.png,176,,,,0,False
176/176_11.png,176,,,,0,False
176/176_12.png,176,,,,0,False
176/176_13.png,176,,,,0,False
176/176_14.png,176,,,,0,False
176/176_15.png,176,,,,0,False
176/176_16.png,176,,,,0,False
176/176_17.png,176,,,,0,False
176/176_18.png,176,,,,0,False
176/176_19.png,176,,,,0,False
176/176_2.png,176,,,,0,False
176/176_3.png,176,,,,0,False
176/176_4.png,176,,,,0,False
176/176_5.png,176,,,,0,False
176/176_6.png,176,,,,0,False
176/176_7.png,176,,,,0,False
176/176_8.png,176,,,,0,False
176/176_9.png,176,,,,0,False
177/177_0.png,177,,,,0,False
177/177_1.png,177,,,,0,False
177/177_10.png,177,,,,0,False
177/177_11.png,177,,,,0,False
177/177_12.png,177,,,,0,False
177/177_13.png,177,,,,0,False
177/177_14.png,177,,,,0,False
177/177_15.png,177,,,,0,False
177/177_16.png,177,,,,0,False
177/177_17.png,177,,,,0,False
177/177_18.png,177,,,,0,False
177/177_19.png,177,,,,0,False
177/177_2.png,177,,,,0,False
177/177_3.png,177,,,,0,False
177/177_4.png,177,,,,0,False
177/177_5.png,177,,,,0,False
177/177_6.png,177,,,,0,False
177/177_7.png,177,,,,0,False
177/177_8.png,177,,,,0,False
177/177_9.png,177,,,,0,False
178/178_0.png,178,,,,0,False
178/178_1.png,178,,,,0,False
178/178_10.png,178,,,,0,False
178/178_11.png,178,,,,0,False
178/178_12.png,178,,,,0,False
178/178_13.png,178,,,,0,False
178/178_14.png,178,,,,0,False
178/178_15.png,178,,,,0,False
178/178_16.png,178,,,,0,False
178/178_17.png,178,,,,0,False
178/178_18.png,178,,,,0,False
178/178_19.png,178,,,,0,False
178/178_2.png,178,,,,0,False
178/178_3.png,178,,,,0,False
178/178_4.png,178,,,,0,False
178/178_5.png,178,,,,0,False
178/178_6.png,178,,,,0,False
178/178_7.png,178,,,,0,False
178/178_8.png,178,,,,0,False
178/178_9.png,178,,,,0,False
179/179_0.png,179,,,,0,False
179/179_1.png,179,,,,0,False
179/179_10.png,179,,,,0,False
179/179_11.png,179,,,,0,False
179/179_12.png,179,,,,0,False
179/179_13.png,179,,,,0,False
179/179_14.png,179,,,,0,False
179/179_15.png,179,,,,0,False
179/179_16.png,179,,,,0,False
179/179_17.png,179,,,,0,False
179/179_18.png,179,,,,0,False
179/179_19.png,179,,,,0,False
179/179_2.png,179,,,,0,False
179/179_3.png,179,,,,0,False
179/179_4.png,179,,,,0,False
179/179_5.png,179,,,,0,False
179/179_6.png,179,,,,0,False
179/179_7.png,179,,,,0,False
179/179_8.png,179,,,,0,False
179/179_9.png,179,,,,0,False
180/180_0.png,180,,,,0,False
180/180_1.png,180,,,,0,False
180/180_10.png,180,,,,0,False
180/180_11.png,180,,,,0,False
180/180_12.png,180,,,,0,False
180/180_13.png,180,,,,0,False
180/180_14.png,180,,,,0,False
180/180_15.png,180,,,,0,False
180/180_16.png,180,,,,0,False
180/180_17.png,180,,,,0,False
180/180_18.png,180,,,,0,False
180/180_19.png,180,,,,0,False
180/180_2.png,180,,,,0,False
180/180_20.png,180,,,,0,False
180/180_21.png,180,,,,0,False
180/180_22.png,180,,,,0,False
180/180_23.png,180,,,,0,False
180/180_24.png,180,,,,0,False
180/180_25.png,180,,,,0,False
180/180_26.png,180,,,,0,False
180/180_27.png,180,,,,0,False
180/180_28.png,180,,,,0,False
180/180_29.png,180,,,,0,False
180/180_3.png,180,,,,0,False
180/180_30.png,180,,,,0,False
180/180_31.png,180,,,,0,False
180/180_32.png,180,,,,0,False
180/180_33.png,180,,,,0,False
180/180_34.png,180,,,,0,False
180/180_35.png,180,,,,0,False
180/180_36.png,180,,,,0,False
180/180_37.png,180,,,,0,False
180/180_38.png,180,,,,0,False
180/180_39.png,180,,,,0,False
180/180_4.png,180,,,,0,False
180/180_40.png,180,,,,0,False
180/180_41.png,180,,,,0,False
180/180_42.png,180,,,,0,False
180/180_43.png,180,,,,0,False
180/180_44.png,180,,,,0,False
180/180_45.png,180,,,,0,False
180/180_46.png,180,,,,0,False
180/180_47.png,180,,,,0,False
180/180_48.png,180,,,,0,False
180/180_49.png,180,,,,0,False
180/180_5.png,180,,,,0,False
180/180_50.png,180,,,,0,False
180/180_51.png,180,,,,0,False
180/180_52.png,180,,,,0,False
180/180_53.png,180,,,,0,False
180/180_54.png,180,,,,0,False
180/180_55.png,180,,,,0,False
180/180_56.png,180,,,,0,False
180/180_57.png,180,,,,0,False
180/180_58.png,180,,,,0,False
180/180_59.png,180,,,,0,False
180/180_6.png,180,,,,0,False
180/180_60.png,180,,,,0,False
180/180_61.png,180,,,,0,False
180/180_62.png,180,,,,0,False
180/180_7.png,180,,,,0,False
180/180_8.png,180,,,,0,False
180/180_9.png,180,,,,0,False
181/181_0.png,181,,,,0,False
181/181_1.png,181,,,,0,False
181/181_10.png,181,,,,0,False
181/181_11.png,181,,,,0,False
181/181_12.png,181,,,,0,False
181/181_13.png,181,,,,0,False
181/181_14.png,181,,,,0,False
181/181_15.png,181,,,,0,False
181/181_16.png,181,,,,0,False
181/181_17.png,181,,,,0,False
181/181_18.png,181,,,,0,False
181/181_19.png,181,,,,0,False
181/181_2.png,181,,,,0,False
181/181_20.png,181,,,,0,False
181/181_21.png,181,,,,0,False
181/181_22.png,181,,,,0,False
181/181_23.png,181,,,,0,False
181/181_24.png,181,,,,0,False
181/181_25.png,181,,,,0,False
181/181_26.png,181,,,,0,False
181/181_27.png,181,,,,0,False
181/181_28.png,181,,,,0,False
181/181_29.png,181,,,,0,False
181/181_3.png,181,,,,0,False
181/181_30.png,181,,,,0,False
181/181_31.png,181,,,,0,False
181/181_32.png,181,,,,0,False
181/181_33.png,181,,,,0,False
181/181_34.png,181,,,,0,False
181/181_35.png,181,,,,0,False
181/181_36.png,181,,,,0,False
181/181_37.png,181,,,,0,False
181/181_38.png,181,,,,0,False
181/181_39.png,181,,,,0,False
181/181_4.png,181,,,,0,False
181/181_40.png,181,,,,0,False
181/181_41.png,181,,,,0,False
181/181_42.png,181,,,,0,False
181/181_43.png,181,,,,0,False
181/181_44.png,181,,,,0,False
181/181_45.png,181,,,,0,False
181/181_46.png,181,,,,0,False
181/181_47.png,181,,,,0,False
181/181_48.png,181,,,,0,False
181/181_49.png,181,,,,0,False
181/181_5.png,181,,,,0,False
181/181_50.png,181,,,,0,False
181/181_51.png,181,,,,0,False
181/181_52.png,181,,,,0,False
181/181_53.png,181,,,,0,False
181/181_54.png,181,,,,0,False
181/181_55.png,181,,,,0,False
181/181_56.png,181,,,,0,False
181/181_57.png,181,,,,0,False
181/181_58.png,181,,,,0,False
181/181_59.png,181,,,,0,False
181/181_6.png,181,,,,0,False
181/181_60.png,181,,,,0,False
181/181_61.png,181,,,,0,False
181/181_62.png,181,,,,0,False
181/181_7.png,181,,,,0,False
181/181_8.png,181,,,,0,False
181/181_9.png,181,,,,0,False
182/182_0.png,182,,,,0,False
182/182_1.png,182,,,,0,False
182/182_10.png,182,,,,0,False
182/182_11.png,182,,,,0,False
182/182_12.png,182,,,,0,False
182/182_13.png,182,,,,0,False
182/182_14.png,182,,,,0,False
182/182_15.png,182,,,,0,False
182/182_16.png,182,,,,0,False
182/182_17.png,182,,,,0,False
182/182_18.png,182,,,,0,False
182/182_19.png,182,,,,0,False
182/182_2.png,182,,,,0,False
182/182_20.png,182,,,,0,False
182/182_21.png,182,,,,0,False
182/182_22.png,182,,,,0,False
182/182_23.png,182,,,,0,False
182/182_24.png,182,,,,0,False
182/182_25.png,182,,,,0,False
182/182_26.png,182,,,,0,False
182/182_27.png,182,,,,0,False
182/182_28.png,182,,,,0,False
182/182_29.png,182,,,,0,False
182/182_3.png,182,,,,0,False
182/182_30.png,182,,,,0,False
182/182_31.png,182,,,,0,False
182/182_32.png,182,,,,0,False
182/182_33.png,182,,,,0,False
182/182_34.png,182,,,,0,False
182/182_35.png,182,,,,0,False
182/182_36.png,182,,,,0,False
182/182_37.png,182,,,,0,False
182/182_38.png,182,,,,0,False
182/182_39.png,182,,,,0,False
182/182_4.png,182,,,,0,False
182/182_40.png,182,,,,0,False
182/182_41.png,182,,,,0,False
182/182_42.png,182,,,,0,False
182/182_43.png,182,,,,0,False
182/182_44.png,182,,,,0,False
182/182_45.png,182,,,,0,False
182/182_46.png,182,,,,0,False
182/182_47.png,182,,,,0,False
182/182_48.png,182,,,,0,False
182/182_49.png,182,,,,0,False
182/182_5.png,182,,,,0,False
182/182_50.png,182,,,,0,False
182/182_51.png,182,,,,0,False
182/182_52.png,182,,,,0,False
182/182_53.png,182,,,,0,False
182/182_54.png,182,,,,0,False
182/182_55.png,182,,,,0,False
182/182_56.png,182,,,,0,False
182/182_57.png,182,,,,0,False
182/182_58.png,182,,,,0,False
182/182_59.png,182,,,,0,False
182/182_6.png,182,,,,0,False
182/182_60.png,182,,,,0,False
182/182_61.png,182,,,,0,False
182/182_62.png,182,,,,0,False
182/182_7.png,182,,,,0,False
182/182_8.png,182,,,,0,False
182/182_9.png,182,,,,0,False
183/183_0.png,183,,,,0,False
183/183_1.png,183,,,,0,False
183/183_10.png,183,,,,0,False
183/183_11.png,183,,,,0,False
183/183_12.png,183,,,,0,False
183/183_13.png,183,,,,0,False
183/183_14.png,183,,,,0,False
183/183_15.png,183,,,,0,False
183/183_16.png,183,,,,0,False
183/183_17.png,183,,,,0,False
183/183_18.png,183,,,,0,False
183/183_19.png,183,,,,0,False
183/183_2.png,183,,,,0,False
183/183_20.png,183,,,,0,False
183/183_21.png,183,,,,0,False
183/183_22.png,183,,,,0,False
183/183_23.png,183,,,,0,False
183/183_24.png,183,,,,0,False
183/183_25.png,183,,,,0,False
183/183_26.png,183,,,,0,False
183/183_27.png,183,,,,0,False
183/183_28.png,183,,,,0,False
183/183_29.png,183,,,,0,False
183/183_3.png,183,,,,0,False
183/183_30.png,183,,,,0,False
183/183_31.png,183,,,,0,False
183/183_32.png,183,,,,0,False
183/183_33.png,183,,,,0,False
183/183_34.png,183,,,,0,False
183/183_35.png,183,,,,0,False
183/183_36.png,183,,,,0,False
183/183_37.png,183,,,,0,False
183/183_38.png,183,,,,0,False
183/183_39.png,183,,,,0,False
183/183_4.png,183,,,,0,False
183/183_40.png,183,,,,0,False
183/183_41.png,183,,,,0,False
183/183_42.png,183,,,,0,False
183/183_43.png,183,,,,0,False
183/183_44.png,183,,,,0,False
183/183_45.png,183,,,,0,False
183/183_46.png,183,,,,0,False
183/183_47.png,183,,,,0,False
183/183_48.png,183,,,,0,False
183/183_49.png,183,,,,0,False
183/183_5.png,183,,,,0,False
183/183_50.png,183,,,,0,False
183/183_51.png,183,,,,0,False
183/183_52.png,183,,,,0,False
183/183_53.png,183,,,,0,False
183/183_54.png,183,,,,0,False
183/183_55.png,183,,,,0,False
183/183_56.png,183,,,,0,False
183/183_57.png,183,,,,0,False
183/183_58.png,183,,,,0,False
183/183_59.png,183,,,,0,False
183/183_6.png,183,,,,0,False
183/183_60.png,183,,,,0,False
183/183_61.png,183,,,,0,False
183/183_62.png,183,,,,0,False
183/183_7.png,183,,,,0,False
183/183_8.png,183,,,,0,False
183/183_9.png,183,,,,0,False
184/184_0.png,184,,,,0,False
184/184_1.png,184,,,,0,False
184/184_10.png,184,,,,0,False
184/184_11.png,184,,,,0,False
184/184_12.png,184,,,,0,False
184/184_13.png,184,,,,0,False
184/184_14.png,184,,,,0,False
184/184_15.png,184,,,,0,False
184/184_16.png,184,,,,0,False
184/184_17.png,184,,,,0,False
184/184_18.png,184,,,,0,False
184/184_19.png,184,,,,0,False
184/184_2.png,184,,,,0,False
184/184_20.png,184,,,,0,False
184/184_21.png,184,,,,0,False
184/184_22.png,184,,,,0,False
184/184_23.png,184,,,,0,False
184/184_24.png,184,,,,0,False
184/184_25.png,184,,,,0,False
184/184_26.png,184,,,,0,False
184/184_27.png,184,,,,0,False
184/184_28.png,184,,,,0,False
184/184_29.png,184,,,,0,False
184/184_3.png,184,,,,0,False
184/184_30.png,184,,,,0,False
184/184_31.png,184,,,,0,False
184/184_32.png,184,,,,0,False
184/184_33.png,184,,,,0,False
184/184_34.png,184,,,,0,False
184/184_35.png,184,,,,0,False
184/184_36.png,184,,,,0,False
184/184_37.png,184,,,,0,False
184/184_38.png,184,,,,0,False
184/184_39.png,184,,,,0,False
184/184_4.png,184,,,,0,False
184/184_40.png,184,,,,0,False
184/184_41.png,184,,,,0,False
184/184_42.png,184,,,,0,False
184/184_43.png,184,,,,0,False
184/184_44.png,184,,,,0,False
184/184_45.png,184,,,,0,False
184/184_46.png,184,,,,0,False
184/184_47.png,184,,,,0,False
184/184_48.png,184,,,,0,False
184/184_49.png,184,,,,0,False
184/184_5.png,184,,,,0,False
184/184_50.png,184,,,,0,False
184/184_51.png,184,,,,0,False
184/184_52.png,184,,,,0,False
184/184_53.png,184,,,,0,False
184/184_54.png,184,,,,0,False
184/184_55.png,184,,,,0,False
184/184_56.png,184,,,,0,False
184/184_57.png,184,,,,0,False
184/184_58.png,184,,,,0,False
184/184_59.png,184,,,,0,False
184/184_6.png,184,,,,0,False
184/184_60.png,184,,,,0,False
184/184_61.png,184,,,,0,False
184/184_62.png,184,,,,0,False
184/184_7.png,184,,,,0,False
184/184_8.png,184,,,,0,False
184/184_9.png,184,,,,0,False
185/185_0.png,185,,,,0,False
185/185_1.png,185,,,,0,False
185/185_10.png,185,,,,0,False
185/185_11.png,185,,,,0,False
185/185_12.png,185,,,,0,False
185/185_13.png,185,,,,0,False
185/185_14.png,185,,,,0,False
185/185_15.png,185,,,,0,False
185/185_16.png,185,,,,0,False
185/185_17.png,185,,,,0,False
185/185_18.png,185,,,,0,False
185/185_19.png,185,,,,0,False
185/185_2.png,185,,,,0,False
185/185_20.png,185,,,,0,False
185/185_21.png,185,,,,0,False
185/185_22.png,185,,,,0,False
185/185_23.png,185,,,,0,False
185/185_24.png,185,,,,0,False
185/185_25.png,185,,,,0,False
185/185_26.png,185,,,,0,False
185/185_27.png,185,,,,0,False
185/185_28.png,185,,,,0,False
185/185_29.png,185,,,,0,False
185/185_3.png,185,,,,0,False
185/185_30.png,185,,,,0,False
185/185_31.png,185,,,,0,False
185/185_32.png,185,,,,0,False
185/185_33.png,185,,,,0,False
185/185_34.png,185,,,,0,False
185/185_35.png,185,,,,0,False
185/185_36.png,185,,,,0,False
185/185_37.png,185,,,,0,False
185/185_38.png,185,,,,0,False
185/185_39.png,185,,,,0,False
185/185_4.png,185,,,,0,False
185/185_40.png,185,,,,0,False
185/185_41.png,185,,,,0,False
185/185_42.png,185,,,,0,False
185/185_43.png,185,,,,0,False
185/185_44.png,185,,,,0,False
185/185_45.png,185,,,,0,False
185/185_46.png,185,,,,0,False
185/185_47.png,185,,,,0,False
185/185_48.png,185,,,,0,False
185/185_49.png,185,,,,0,False
185/185_5.png,185,,,,0,False
185/185_50.png,185,,,,0,False
185/185_51.png,185,,,,0,False
185/185_52.png,185,,,,0,False
185/185_53.png,185,,,,0,False
185/185_54.png,185,,,,0,False
185/185_55.png,185,,,,0,False
185/185_56.png,185,,,,0,False
185/185_57.png,185,,,,0,False
185/185_58.png,185,,,,0,False
185/185_59.png,185,,,,0,False
185/185_6.png,185,,,,0,False
185/185_60.png,185,,,,0,False
185/185_61.png,185,,,,0,False
185/185_62.png,185,,,,0,False
185/185_7.png,185,,,,0,False
185/185_8.png,185,,,,0,False
185/185_9.png,185,,,,0,False
186/186_0.png,186,,,,0,False
186/186_1.png,186,,,,0,False
186/186_10.png,186,,,,0,False
186/186_11.png,186,,,,0,False
186/186_12.png,186,,,,0,False
186/186_13.png,186,,,,0,False
186/186_14.png,186,,,,0,False
186/186_15.png,186,,,,0,False
186/186_16.png,186,,,,0,False
186/186_17.png,186,,,,0,False
186/186_18.png,186,,,,0,False
186/186_19.png,186,,,,0,False
186/186_2.png,186,,,,0,False
186/186_20.png,186,,,,0,False
186/186_21.png,186,,,,0,False
186/186_22.png,186,,,,0,False
186/186_23.png,186,,,,0,False
186/186_24.png,186,,,,0,False
186/186_25.png,186,,,,0,False
186/186_26.png,186,,,,0,False
186/186_27.png,186,,,,0,False
186/186_28.png,186,,,,0,False
186/186_29.png,186,,,,0,False
186/186_3.png,186,,,,0,False
186/186_30.png,186,,,,0,False
186/186_31.png,186,,,,0,False
186/186_32.png,186,,,,0,False
186/186_33.png,186,,,,0,False
186/186_34.png,186,,,,0,False
186/186_35.png,186,,,,0,False
186/186_36.png,186,,,,0,False
186/186_37.png,186,,,,0,False
186/186_38.png,186,,,,0,False
186/186_39.png,186,,,,0,False
186/186_4.png,186,,,,0,False
186/186_40.png,186,,,,0,False
186/186_41.png,186,,,,0,False
186/186_42.png,186,,,,0,False
186/186_43.png,186,,,,0,False
186/186_44.png,186,,,,0,False
186/186_45.png,186,,,,0,False
186/186_46.png,186,,,,0,False
186/186_47.png,186,,,,0,False
186/186_48.png,186,,,,0,False
186/186_49.png,186,,,,0,False
186/186_5.png,186,,,,0,False
186/186_50.png,186,,,,0,False
186/186_51.png,186,,,,0,False
186/186_52.png,186,,,,0,False
186/186_53.png,186,,,,0,False
186/186_54.png,186,,,,0,False
186/186_55.png,186,,,,0,False
186/186_56.png,186,,,,0,False
186/186_57.png,186,,,,0,False
186/186_58.png,186,,,,0,False
186/186_59.png,186,,,,0,False
186/186_6.png,186,,,,0,False
186/186_60.png,186,,,,0,False
186/186_61.png,186,,,,0,False
186/186_62.png,186,,,,0,False
186/186_7.png,186,,,,0,False
186/186_8.png,186,,,,0,False
186/186_9.png,186,,,,0,False
187/187_0.png,187,,,,0,False
187/187_1.png,187,,,,0,False
187/187_10.png,187,,,,0,False
187/187_11.png,187,,,,0,False
187/187_12.png,187,,,,0,False
187/187_13.png,187,,,,0,False
187/187_14.png,187,,,,0,False
187/187_15.png,187,,,,0,False
187/187_16.png,187,,,,0,False
187/187_17.png,187,,,,0,False
187/187_18.png,187,,,,0,False
187/187_19.png,187,,,,0,False
187/187_2.png,187,,,,0,False
187/187_20.png,187,,,,0,False
187/187_21.png,187,,,,0,False
187/187_22.png,187,,,,0,False
187/187_23.png,187,,,,0,False
187/187_24.png,187,,,,0,False
187/187_25.png,187,,,,0,False
187/187_26.png,187,,,,0,False
187/187_27.png,187,,,,0,False
187/187_28.png,187,,,,0,False
187/187_29.png,187,,,,0,False
187/187_3.png,187,,,,0,False
187/187_30.png,187,,,,0,False
187/187_31.png,187,,,,0,False
187/187_32.png,187,,,,0,False
187/187_33.png,187,,,,0,False
187/187_34.png,187,,,,0,False
187/187_35.png,187,,,,0,False
187/187_36.png,187,,,,0,False
187/187_37.png,187,,,,0,False
187/187_38.png,187,,,,0,False
187/187_39.png,187,,,,0,False
187/187_4.png,187,,,,0,False
187/187_40.png,187,,,,0,False
187/187_41.png,187,,,,0,False
187/187_42.png,187,,,,0,False
187/187_43.png,187,,,,0,False
187/187_44.png,187,,,,0,False
187/187_45.png,187,,,,0,False
187/187_46.png,187,,,,0,False
187/187_47.png,187,,,,0,False
187/187_48.png,187,,,,0,False
187/187_49.png,187,,,,0,False
187/187_5.png,187,,,,0,False
187/187_50.png,187,,,,0,False
187/187_51.png,187,,,,0,False
187/187_52.png,187,,,,0,False
187/187_53.png,187,,,,0,False
187/187_54.png,187,,,,0,False
187/187_55.png,187,,,,0,False
187/187_56.png,187,,,,0,False
187/187_57.png,187,,,,0,False
187/187_58.png,187,,,,0,False
187/187_59.png,187,,,,0,False
187/187_6.png,187,,,,0,False
187/187_60.png,187,,,,0,False
187/187_61.png,187,,,,0,False
187/187_62.png,187,,,,0,False
187/187_7.png,187,,,,0,False
187/187_8.png,187,,,,0,False
187/187_9.png,187,,,,0,False
188/188_0.png,188,,,,0,False
188/188_1.png,188,,,,0,False
188/188_10.png,188,,,,0,False
188/188_11.png,188,,,,0,False
188/188_12.png,188,,,,0,False
188/188_13.png,188,,,,0,False
188/188_14.png,188,,,,0,False
188/188_15.png,188,,,,0,False
188/188_16.png,188,,,,0,False
188/188_17.png,188,,,,0,False
188/188_18.png,188,,,,0,False
188/188_19.png,188,,,,0,False
188/188_2.png,188,,,,0,False
188/188_20.png,188,,,,0,False
188/188_21.png,188,,,,0,False
188/188_22.png,188,,,,0,False
188/188_23.png,188,,,,0,False
188/188_24.png,188,,,,0,False
188/188_25.png,188,,,,0,False
188/188_26.png,188,,,,0,False
188/188_27.png,188,,,,0,False
188/188_28.png,188,,,,0,False
188/188_29.png,188,,,,0,False
188/188_3.png,188,,,,0,False
188/188_30.png,188,,,,0,False
188/188_31.png,188,,,,0,False
188/188_32.png,188,,,,0,False
188/188_33.png,188,,,,0,False
188/188_34.png,188,,,,0,False
188/188_35.png,188,,,,0,False
188/188_36.png,188,,,,0,False
188/188_37.png,188,,,,0,False
188/188_38.png,188,,,,0,False
188/188_39.png,188,,,,0,False
188/188_4.png,188,,,,0,False
188/188_40.png,188,,,,0,False
188/188_41.png,188,,,,0,False
188/188_42.png,188,,,,0,False
188/188_43.png,188,,,,0,False
188/188_44.png,188,,,,0,False
188/188_45.png,188,,,,0,False
188/188_46.png,188,,,,0,False
188/188_47.png,188,,,,0,False
188/188_48.png,188,,,,0,False
188/188_49.png,188,,,,0,False
188/188_5.png,188,,,,0,False
188/188_50.png,188,,,,0,False
188/188_51.png,188,,,,0,False
188/188_52.png,188,,,,0,False
188/188_53.png,188,,,,0,False
188/188_54.png,188,,,,0,False
188/188_55.png,188,,,,0,False
188/188_56.png,188,,,,0,False
188/188_57.png,188,,,,0,False
188/188_58.png,188,,,,0,False
188/188_59.png,188,,,,0,False
188/188_6.png,188,,,,0,False
188/188_60.png,188,,,,0,False
188/188_61.png,188,,,,0,False
188/188_62.png,188,,,,0,False
188/188_7.png,188,,,,0,False
188/188_8.png,188,,,,0,False
188/188_9.png,188,,,,0,False
189/189_0.png,189,,,,0,False
189/189_1.png,189,,,,0,False
189/189_10.png,189,,,,0,False
189/189_100.png,189,,,,0,False
189/189_101.png,189,,,,0,False
189/189_102.png,189,,,,0,False
189/189_103.png,189,,,,0,False
189/189_104.png,189,,,,0,False
189/189_105.png,189,,,,0,False
189/189_106.png,189,,,,0,False
189/189_107.png,189,,,,0,False
189/189_108.png,189,,,,0,False
189/189_109.png,189,,,,0,False
189/189_11.png,189,,,,0,False
189/189_110.png,189,,,,0,False
189/189_111.png,189,,,,0,False
189/189_112.png,189,,,,0,False
189/189_113.png,189,,,,0,False
189/189_114.png,189,,,,0,False
189/189_115.png,189,,,,0,False
189/189_116.png,189,,,,0,False
189/189_117.png,189,,,,0,False
189/189_118.png,189,,,,0,False
189/189_119.png,189,,,,0,False
189/189_12.png,189,,,,0,False
189/189_120.png,189,,,,0,False
189/189_121.png,189,,,,0,False
189/189_122.png,189,,,,0,False
189/189_123.png,189,,,,0,False
189/189_124.png,189,,,,0,False
189/189_125.png,189,,,,0,False
189/189_126.png,189,,,,0,False
189/189_127.png,189,,,,0,False
189/189_128.png,189,,,,0,False
189/189_129.png,189,,,,0,False
189/189_13.png,189,,,,0,False
189/189_130.png,189,,,,0,False
189/189_131.png,189,,,,0,False
189/189_132.png,189,,,,0,False
189/189_133.png,189,,,,0,False
189/189_134.png,189,,,,0,False
189/189_135.png,189,,,,0,False
189/189_136.png,189,,,,0,False
189/189_137.png,189,,,,0,False
189/189_138.png,189,,,,0,False
189/189_139.png,189,,,,0,False
189/189_14.png,189,,,,0,False
189/189_140.png,189,,,,0,False
189/189_141.png,189,,,,0,False
189/189_142.png,189,,,,0,False
189/189_143.png,189,,,,0,False
189/189_144.png,189,,,,0,False
189/189_145.png,189,,,,0,False
189/189_146.png,189,,,,0,False
189/189_147.png,189,,,,0,False
189/189_148.png,189,,,,0,False
189/189_149.png,189,,,,0,False
189/189_15.png,189,,,,0,False
189/189_150.png,189,,,,0,False
189/189_151.png,189,,,,0,False
189/189_152.png,189,,,,0,False
189/189_153.png,189,,,,0,False
189/189_154.png,189,,,,0,False
189/189_155.png,189,,,,0,False
189/189_156.png,189,,,,0,False
189/189_157.png,189,,,,0,False
189/189_158.png,189,,,,0,False
189/189_159.png,189,,,,0,False
189/189_16.png,189,,,,0,False
189/189_160.png,189,,,,0,False
189/189_161.png,189,,,,0,False
189/189_162.png,189,,,,0,False
189/189_163.png,189,,,,0,False
189/189_164.png,189,,,,0,False
189/189_165.png,189,,,,0,False
189/189_166.png,189,,,,0,False
189/189_167.png,189,,,,0,False
189/189_168.png,189,,,,0,False
189/189_169.png,189,,,,0,False
189/189_17.png,189,,,,0,False
189/189_170.png,189,,,,0,False
189/189_171.png,189,,,,0,False
189/189_172.png,189,,,,0,False
189/189_173.png,189,,,,0,False
189/189_174.png,189,,,,0,False
189/189_175.png,189,,,,0,False
189/189_176.png,189,,,,0,False
189/189_177.png,189,,,,0,False
189/189_178.png,189,,,,0,False
189/189_179.png,189,,,,0,False
189/189_18.png,189,,,,0,False
189/189_180.png,189,,,,0,False
189/189_181.png,189,,,,0,False
189/189_182.png,189,,,,0,False
189/189_183.png,189,,,,0,False
189/189_184.png,189,,,,0,False
189/189_185.png,189,,,,0,False
189/189_186.png,189,,,,0,False
189/189_187.png,189,,,,0,False
189/189_188.png,189,,,,0,False
189/189_189.png,189,,,,0,False
189/189_19.png,189,,,,0,False
189/189_190.png,189,,,,0,False
189/189_191.png,189,,,,0,False
189/189_192.png,189,,,,0,False
189/189_193.png,189,,,,0,False
189/189_194.png,189,,,,0,False
189/189_195.png,189,,,,0,False
189/189_196.png,189,,,,0,False
189/189_197.png,189,,,,0,False
189/189_198.png,189,,,,0,False
189/189_199.png,189,,,,0,False
189/189_2.png,189,,,,0,False
189/189_20.png,189,,,,0,False
189/189_200.png,189,,,,0,False
189/189_201.png,189,,,,0,False
189/189_202.png,189,,,,0,False
189/189_203.png,189,,,,0,False
189/189_21.png,189,,,,0,False
189/189_22.png,189,,,,0,False
189/189_23.png,189,,,,0,False
189/189_24.png,189,,,,0,False
189/189_25.png,189,,,,0,False
189/189_26.png,189,,,,0,False
189/189_27.png,189,,,,0,False
189/189_28.png,189,,,,0,False
189/189_29.png,189,,,,0,False
189/189_3.png,189,,,,0,False
189/189_30.png,189,,,,0,False
189/189_31.png,189,,,,0,False
189/189_32.png,189,,,,0,False
189/189_33.png,189,,,,0,False
189/189_34.png,189,,,,0,False
189/189_35.png,189,,,,0,False
189/189_36.png,189,,,,0,False
189/189_37.png,189,,,,0,False
189/189_38.png,189,,,,0,False
189/189_39.png,189,,,,0,False
189/189_4.png,189,,,,0,False
189/189_40.png,189,,,,0,False
189/189_41.png,189,,,,0,False
189/189_42.png,189,,,,0,False
189/189_43.png,189,,,,0,False
189/189_44.png,189,,,,0,False
189/189_45.png,189,,,,0,False
189/189_46.png,189,,,,0,False
189/189_47.png,189,,,,0,False
189/189_48.png,189,,,,0,False
189/189_49.png,189,,,,0,False
189/189_5.png,189,,,,0,False
189/189_50.png,189,,,,0,False
189/189_51.png,189,,,,0,False
189/189_52.png,189,,,,0,False
189/189_53.png,189,,,,0,False
189/189_54.png,189,,,,0,False
189/189_55.png,189,,,,0,False
189/189_56.png,189,,,,0,False
189/189_57.png,189,,,,0,False
189/189_58.png,189,,,,0,False
189/189_59.png,189,,,,0,False
189/189_6.png,189,,,,0,False
189/189_60.png,189,,,,0,False
189/189_61.png,189,,,,0,False
189/189_62.png,189,,,,0,False
189/189_63.png,189,,,,0,False
189/189_64.png,189,,,,0,False
189/189_65.png,189,,,,0,False
189/189_66.png,189,,,,0,False
189/189_67.png,189,,,,0,False
189/189_68.png,189,,,,0,False
189/189_69.png,189,,,,0,False
189/189_7.png,189,,,,0,False
189/189_70.png,189,,,,0,False
189/189_71.png,189,,,,0,False
189/189_72.png,189,,,,0,False
189/189_73.png,189,,,,0,False
189/189_74.png,189,,,,0,False
189/189_75.png,189,,,,0,False
189/189_76.png,189,,,,0,False
189/189_77.png,189,,,,0,False
189/189_78.png,189,,,,0,False
189/189_79.png,189,,,,0,False
189/189_8.png,189,,,,0,False
189/189_80.png,189,,,,0,False
189/189_81.png,189,,,,0,False
189/189_82.png,189,,,,0,False
189/189_83.png,189,,,,0,False
189/189_84.png,189,,,,0,False
189/189_85.png,189,,,,0,False
189/189_86.png,189,,,,0,False
189/189_87.png,189,,,,0,False
189/189_88.png,189,,,,0,False
189/189_89.png,189,,,,0,False
189/189_9.png,189,,,,0,False
189/189_90.png,189,,,,0,False
189/189_91.png,189,,,,0,False
189/189_92.png,189,,,,0,False
189/189_93.png,189,,,,0,False
189/189_94.png,189,,,,0,False
189/189_95.png,189,,,,0,False
189/189_96.png,189,,,,0,False
189/189_97.png,189,,,,0,False
189/189_98.png,189,,,,0,False
189/189_99.png,189,,,,0,False
190/190_0.png,190,,,,0,False
190/190_1.png,190,,,,0,False
190/190_10.png,190,,,,0,False
190/190_100.png,190,,,,0,False
190/190_101.png,190,,,,0,False
190/190_102.png,190,,,,0,False
190/190_103.png,190,,,,0,False
190/190_104.png,190,,,,0,False
190/190_105.png,190,,,,0,False
190/190_106.png,190,,,,0,False
190/190_107.png,190,,,,0,False
190/190_108.png,190,,,,0,False
190/190_109.png,190,,,,0,False
190/190_11.png,190,,,,0,False
190/190_110.png,190,,,,0,False
190/190_111.png,190,,,,0,False
190/190_112.png,190,,,,0,False
190/190_113.png,190,,,,0,False
190/190_114.png,190,,,,0,False
190/190_115.png,190,,,,0,False
190/190_116.png,190,,,,0,False
190/190_117.png,190,,,,0,False
190/190_118.png,190,,,,0,False
190/190_119.png,190,,,,0,False
190/190_12.png,190,,,,0,False
190/190_120.png,190,,,,0,False
190/190_121.png,190,,,,0,False
190/190_122.png,190,,,,0,False
190/190_123.png,190,,,,0,False
190/190_124.png,190,,,,0,False
190/190_125.png,190,,,,0,False
190/190_126.png,190,,,,0,False
190/190_127.png,190,,,,0,False
190/190_128.png,190,,,,0,False
190/190_129.png,190,,,,0,False
190/190_13.png,190,,,,0,False
190/190_130.png,190,,,,0,False
190/190_131.png,190,,,,0,False
190/190_132.png,190,,,,0,False
190/190_133.png,190,,,,0,False
190/190_134.png,190,,,,0,False
190/190_135.png,190,,,,0,False
190/190_136.png,190,,,,0,False
190/190_137.png,190,,,,0,False
190/190_138.png,190,,,,0,False
190/190_139.png,190,,,,0,False
190/190_14.png,190,,,,0,False
190/190_140.png,190,,,,0,False
190/190_141.png,190,,,,0,False
190/190_142.png,190,,,,0,False
190/190_143.png,190,,,,0,False
190/190_144.png,190,,,,0,False
190/190_145.png,190,,,,0,False
190/190_146.png,190,,,,0,False
190/190_147.png,190,,,,0,False
190/190_148.png,190,,,,0,False
190/190_149.png,190,,,,0,False
190/190_15.png,190,,,,0,False
190/190_150.png,190,,,,0,False
190/190_151.png,190,,,,0,False
190/190_152.png,190,,,,0,False
190/190_153.png,190,,,,0,False
190/190_154.png,190,,,,0,False
190/190_155.png,190,,,,0,False
190/190_156.png,190,,,,0,False
190/190_157.png,190,,,,0,False
190/190_158.png,190,,,,0,False
190/190_159.png,190,,,,0,False
190/190_16.png,190,,,,0,False
190/190_160.png,190,,,,0,False
190/190_161.png,190,,,,0,False
190/190_162.png,190,,,,0,False
190/190_163.png,190,,,,0,False
190/190_164.png,190,,,,0,False
190/190_165.png,190,,,,0,False
190/190_166.png,190,,,,0,False
190/190_167.png,190,,,,0,False
190/190_168.png,190,,,,0,False
190/190_169.png,190,,,,0,False
190/190_17.png,190,,,,0,False
190/190_170.png,190,,,,0,False
190/190_171.png,190,,,,0,False
190/190_172.png,190,,,,0,False
190/190_173.png,190,,,,0,False
190/190_174.png,190,,,,0,False
190/190_175.png,190,,,,0,False
190/190_176.png,190,,,,0,False
190/190_177.png,190,,,,0,False
190/190_178.png,190,,,,0,False
190/190_179.png,190,,,,0,False
190/190_18.png,190,,,,0,False
190/190_180.png,190,,,,0,False
190/190_181.png,190,,,,0,False
190/190_182.png,190,,,,0,False
190/190_183.png,190,,,,0,False
190/190_184.png,190,,,,0,False
190/190_185.png,190,,,,0,False
190/190_186.png,190,,,,0,False
190/190_187.png,190,,,,0,False
190/190_188.png,190,,,,0,False
190/190_189.png,190,,,,0,False
190/190_19.png,190,,,,0,False
190/190_190.png,190,,,,0,False
190/190_191.png,190,,,,0,False
190/190_192.png,190,,,,0,False
190/190_193.png,190,,,,0,False
190/190_194.png,190,,,,0,False
190/190_195.png,190,,,,0,False
190/190_196.png,190,,,,0,False
190/190_197.png,190,,,,0,False
190/190_198.png,190,,,,0,False
190/190_199.png,190,,,,0,False
190/190_2.png,190,,,,0,False
190/190_20.png,190,,,,0,False
190/190_200.png,190,,,,0,False
190/190_201.png,190,,,,0,False
190/190_202.png,190,,,,0,False
190/190_203.png,190,,,,0,False
190/190_204.png,190,,,,0,False
190/190_205.png,190,,,,0,False
190/190_206.png,190,,,,0,False
190/190_207.png,190,,,,0,False
190/190_208.png,190,,,,0,False
190/190_209.png,190,,,,0,False
190/190_21.png,190,,,,0,False
190/190_210.png,190,,,,0,False
190/190_211.png,190,,,,0,False
190/190_212.png,190,,,,0,False
190/190_213.png,190,,,,0,False
190/190_214.png,190,,,,0,False
190/190_215.png,190,,,,0,False
190/190_216.png,190,,,,0,False
190/190_217.png,190,,,,0,False
190/190_218.png,190,,,,0,False
190/190_219.png,190,,,,0,False
190/190_22.png,190,,,,0,False
190/190_220.png,190,,,,0,False
190/190_221.png,190,,,,0,False
190/190_222.png,190,,,,0,False
190/190_223.png,190,,,,0,False
190/190_224.png,190,,,,0,False
190/190_225.png,190,,,,0,False
190/190_226.png,190,,,,0,False
190/190_227.png,190,,,,0,False
190/190_228.png,190,,,,0,False
190/190_229.png,190,,,,0,False
190/190_23.png,190,,,,0,False
190/190_230.png,190,,,,0,False
190/190_231.png,190,,,,0,False
190/190_232.png,190,,,,0,False
190/190_233.png,190,,,,0,False
190/190_234.png,190,,,,0,False
190/190_235.png,190,,,,0,False
190/190_236.png,190,,,,0,False
190/190_237.png,190,,,,0,False
190/190_238.png,190,,,,0,False
190/190_239.png,190,,,,0,False
190/190_24.png,190,,,,0,False
190/190_240.png,190,,,,0,False
190/190_241.png,190,,,,0,False
190/190_242.png,190,,,,0,False
190/190_243.png,190,,,,0,False
190/190_244.png,190,,,,0,False
190/190_245.png,190,,,,0,False
190/190_246.png,190,,,,0,False
190/190_247.png,190,,,,0,False
190/190_248.png,190,,,,0,False
190/190_249.png,190,,,,0,False
190/190_25.png,190,,,,0,False
190/190_250.png,190,,,,0,False
190/190_251.png,190,,,,0,False
190/190_252.png,190,,,,0,False
190/190_253.png,190,,,,0,False
190/190_254.png,190,,,,0,False
190/190_255.png,190,,,,0,False
190/190_256.png,190,,,,0,False
190/190_257.png,190,,,,0,False
190/190_258.png,190,,,,0,False
190/190_259.png,190,,,,0,False
190/190_26.png,190,,,,0,False
190/190_260.png,190,,,,0,False
190/190_261.png,190,,,,0,False
190/190_262.png,190,,,,0,False
190/190_263.png,190,,,,0,False
190/190_264.png,190,,,,0,False
190/190_265.png,190,,,,0,False
190/190_266.png,190,,,,0,False
190/190_267.png,190,,,,0,False
190/190_268.png,190,,,,0,False
190/190_269.png,190,,,,0,False
190/190_27.png,190,,,,0,False
190/190_270.png,190,,,,0,False
190/190_271.png,190,,,,0,False
190/190_272.png,190,,,,0,False
190/190_273.png,190,,,,0,False
190/190_274.png,190,,,,0,False
190/190_275.png,190,,,,0,False
190/190_276.png,190,,,,0,False
190/190_277.png,190,,,,0,False
190/190_278.png,190,,,,0,False
190/190_279.png,190,,,,0,False
190/190_28.png,190,,,,0,False
190/190_280.png,190,,,,0,False
190/190_281.png,190,,,,0,False
190/190_282.png,190,,,,0,False
190/190_283.png,190,,,,0,False
190/190_284.png,190,,,,0,False
190/190_285.png,190,,,,0,False
190/190_286.png,190,,,,0,False
190/190_287.png,190,,,,0,False
190/190_288.png,190,,,,0,False
190/190_289.png,190,,,,0,False
190/190_29.png,190,,,,0,False
190/190_290.png,190,,,,0,False
190/190_291.png,190,,,,0,False
190/190_292.png,190,,,,0,False
190/190_293.png,190,,,,0,False
190/190_294.png,190,,,,0,False
190/190_295.png,190,,,,0,False
190/190_296.png,190,,,,0,False
190/190_297.png,190,,,,0,False
190/190_298.png,190,,,,0,False
190/190_299.png,190,,,,0,False
190/190_3.png,190,,,,0,False
190/190_30.png,190,,,,0,False
190/190_300.png,190,,,,0,False
190/190_31.png,190,,,,0,False
190/190_32.png,190,,,,0,False
190/190_33.png,190,,,,0,False
190/190_34.png,190,,,,0,False
190/190_35.png,190,,,,0,False
190/190_36.png,190,,,,0,False
190/190_37.png,190,,,,0,False
190/190_38.png,190,,,,0,False
190/190_39.png,190,,,,0,False
190/190_4.png,190,,,,0,False
190/190_40.png,190,,,,0,False
190/190_41.png,190,,,,0,False
190/190_42.png,190,,,,0,False
190/190_43.png,190,,,,0,False
190/190_44.png,190,,,,0,False
190/190_45.png,190,,,,0,False
190/190_46.png,190,,,,0,False
190/190_47.png,190,,,,0,False
190/190_48.png,190,,,,0,False
190/190_49.png,190,,,,0,False
190/190_5.png,190,,,,0,False
190/190_50.png,190,,,,0,False
190/190_51.png,190,,,,0,False
190/190_52.png,190,,,,0,False
190/190_53.png,190,,,,0,False
190/190_54.png,190,,,,0,False
190/190_55.png,190,,,,0,False
190/190_56.png,190,,,,0,False
190/190_57.png,190,,,,0,False
190/190_58.png,190,,,,0,False
190/190_59.png,190,,,,0,False
190/190_6.png,190,,,,0,False
190/190_60.png,190,,,,0,False
190/190_61.png,190,,,,0,False
190/190_62.png,190,,,,0,False
190/190_63.png,190,,,,0,False
190/190_64.png,190,,,,0,False
190/190_65.png,190,,,,0,False
190/190_66.png,190,,,,0,False
190/190_67.png,190,,,,0,False
190/190_68.png,190,,,,0,False
190/190_69.png,190,,,,0,False
190/190_7.png,190,,,,0,False
190/190_70.png,190,,,,0,False
190/190_71.png,190,,,,0,False
190/190_72.png,190,,,,0,False
190/190_73.png,190,,,,0,False
190/190_74.png,190,,,,0,False
190/190_75.png,190,,,,0,False
190/190_76.png,190,,,,0,False
190/190_77.png,190,,,,0,False
190/190_78.png,190,,,,0,False
190/190_79.png,190,,,,0,False
190/190_8.png,190,,,,0,False
190/190_80.png,190,,,,0,False
190/190_81.png,190,,,,0,False
190/190_82.png,190,,,,0,False
190/190_83.png,190,,,,0,False
190/190_84.png,190,,,,0,False
190/190_85.png,190,,,,0,False
190/190_86.png,190,,,,0,False
190/190_87.png,190,,,,0,False
190/190_88.png,190,,,,0,False
190/190_89.png,190,,,,0,False
190/190_9.png,190,,,,0,False
190/190_90.png,190,,,,0,False
190/190_91.png,190,,,,0,False
190/190_92.png,190,,,,0,False
190/190_93.png,190,,,,0,False
190/190_94.png,190,,,,0,False
190/190_95.png,190,,,,0,False
190/190_96.png,190,,,,0,False
190/190_97.png,190,,,,0,False
190/190_98.png,190,,,,0,False
190/190_99.png,190,,,,0,False
